system:index,B11,B12,B2,B3,B4,B5,B6,B7,B8,NDVI,class,.geo
1_1_1_0_0,0.0212,0.0191,0.0553,0.0669,0.0464,0.0504,0.0341,0.0363,0.0274,-0.25745258,2,"{""geodesic"":false,""type"":""Point"",""coordinates"":[112.57485019646916,32.986451643218274]}"
1_1_1_1_0,0.0202,0.01655,0.0505,0.0611,0.0415,0.0446,0.0315,0.0323,0.02895,-0.1781405,2,"{""geodesic"":false,""type"":""Point"",""coordinates"":[112.5646094022302,32.98681096933192]}"
1_1_1_2_0,0.0173,0.01245,0.0593,0.05665,0.03835,0.0367,0.03355,0.03205,0.03155,-0.09728182,2,"{""geodesic"":false,""type"":""Point"",""coordinates"":[111.58742203616498,32.76052534926221]}"
1_1_1_3_0,0.0151,0.0112,0.06585,0.0663,0.04465,0.0414,0.037,0.03465,0.0342,-0.1325301,2,"{""geodesic"":false,""type"":""Point"",""coordinates"":[111.55993358847093,32.707434915970744]}"
1_1_1_4_0,0.0164,0.0132,0.0636,0.0651,0.043,0.04,0.035,0.0315,0.0314,-0.15591401,2,"{""geodesic"":false,""type"":""Point"",""coordinates"":[111.58194231293186,32.695846648805606]}"
1_1_1_5_0,0.01925,0.01395,0.06175,0.06445,0.0394,0.0405,0.0377,0.0384,0.0338,-0.076502755,2,"{""geodesic"":false,""type"":""Point"",""coordinates"":[111.38970284213028,32.97630068050772]}"
1_1_1_6_0,0.0182,0.01385,0.061,0.0649,0.0395,0.0384,0.03515,0.03525,0.03305,-0.08890422,2,"{""geodesic"":false,""type"":""Point"",""coordinates"":[111.41305903951739,32.970461631160944]}"
1_1_1_7_0,0.01665,0.01185,0.0572,0.0639,0.04095,0.0383,0.03295,0.03235,0.03105,-0.1375,2,"{""geodesic"":false,""type"":""Point"",""coordinates"":[111.47486313106481,32.95204616783649]}"
1_1_1_8_0,0.0171,0.013,0.06195,0.06535,0.041,0.04005,0.034,0.0337,0.03395,-0.09406271,2,"{""geodesic"":false,""type"":""Point"",""coordinates"":[111.48546325141741,32.93695447106329]}"
1_1_1_9_0,0.0207,0.0163,0.0518,0.0536,0.0373,0.0366,0.0326,0.0333,0.0314,-0.08588068,2,"{""geodesic"":false,""type"":""Point"",""coordinates"":[112.56290260319038,33.333111511359995]}"
1_1_1_10_0,0.01705,0.01185,0.0502,0.0517,0.03395,0.036,0.03445,0.0355,0.03045,-0.05434785,2,"{""geodesic"":false,""type"":""Point"",""coordinates"":[112.61096247089077,33.30508407449547]}"
1_1_1_11_0,0.0203,0.0145,0.0651,0.081,0.0553,0.0527,0.0409,0.04,0.0388,-0.17534538,2,"{""geodesic"":false,""type"":""Point"",""coordinates"":[112.62740164059015,33.3526947845538]}"
1_1_1_12_0,0.01575,0.01245,0.0567,0.05225,0.0344,0.0333,0.0315,0.0316,0.03195,-0.0369254,2,"{""geodesic"":false,""type"":""Point"",""coordinates"":[111.55885561012998,32.761603327603154]}"
1_1_1_13_0,0.0174,0.01435,0.06095,0.05715,0.0392,0.03705,0.034,0.032,0.03235,-0.095737256,2,"{""geodesic"":false,""type"":""Point"",""coordinates"":[111.569545562011,32.76744237694993]}"
1_1_1_14_0,0.01695,0.013,0.0607,0.05795,0.0377,0.03745,0.0333,0.0313,0.0306,-0.10395316,2,"{""geodesic"":false,""type"":""Point"",""coordinates"":[111.55768780026062,32.784690030405024]}"
1_1_1_15_0,0.0181,0.0134,0.0626,0.0571,0.03515,0.03495,0.03295,0.0313,0.0301,-0.077394634,2,"{""geodesic"":false,""type"":""Point"",""coordinates"":[111.58068467153409,32.78477986193344]}"
1_1_1_16_0,0.0205,0.0167,0.06245,0.0591,0.04045,0.0385,0.0367,0.0357,0.03425,-0.08299867,2,"{""geodesic"":false,""type"":""Point"",""coordinates"":[111.568018426028,32.80606993416707]}"
1_1_1_17_0,0.0207,0.01645,0.0611,0.0626,0.0409,0.04025,0.0363,0.0375,0.0351,-0.07631575,2,"{""geodesic"":false,""type"":""Point"",""coordinates"":[111.5913746234151,32.80490212429771]}"
1_1_1_18_0,0.0177,0.01345,0.05735,0.05785,0.03865,0.0387,0.0348,0.034,0.03245,-0.08720108,2,"{""geodesic"":false,""type"":""Point"",""coordinates"":[111.60233406988137,32.79915290647935]}"
1_1_1_19_0,0.01765,0.0138,0.0623,0.06185,0.0425,0.0399,0.03595,0.0348,0.03085,-0.15882753,2,"{""geodesic"":false,""type"":""Point"",""coordinates"":[111.65210073662159,32.77391024699559]}"
1_1_1_20_0,0.02065,0.01655,0.06925,0.0708,0.04815,0.0478,0.04155,0.0411,0.03805,-0.11716937,2,"{""geodesic"":false,""type"":""Point"",""coordinates"":[111.6401531433428,32.770227154330705]}"
1_1_1_21_0,0.0208,0.0137,0.0408,0.0459,0.0305,0.0308,0.0262,0.0259,0.0241,-0.117216125,2,"{""geodesic"":false,""type"":""Point"",""coordinates"":[112.63467799439152,33.31074346078542]}"
1_1_1_22_0,0.036,0.0291,0.0625,0.0765,0.0536,0.0508,0.0375,0.0387,0.0389,-0.15891892,2,"{""geodesic"":false,""type"":""Point"",""coordinates"":[112.5014578377566,33.36203726350864]}"
1_1_1_23_0,0.3031,0.243,0.1074,0.1456,0.1738,0.1676,0.2482,0.2713,0.3024,0.27005458,2,"{""geodesic"":false,""type"":""Point"",""coordinates"":[112.48052709163662,33.39563425513471]}"
1_1_1_24_0,0.0202,0.0136,0.0472,0.0499,0.0333,0.0332,0.0305,0.0291,0.0274,-0.09719936,2,"{""geodesic"":false,""type"":""Point"",""coordinates"":[112.61823882469214,33.29439412261444]}"
1_1_1_25_0,0.1466,0.11615,0.0735,0.106,0.10115,0.15035,0.15005,0.1554,0.1334,0.13749732,2,"{""geodesic"":false,""type"":""Point"",""coordinates"":[112.36284778941696,33.45429424318772]}"
1_1_1_26_0,0.1101,0.08685,0.0846,0.1115,0.1121,0.1423,0.1306,0.1374,0.1256,0.05679427,2,"{""geodesic"":false,""type"":""Point"",""coordinates"":[112.37281908907069,33.45357559096042]}"
1_1_1_27_0,0.25535,0.2243,0.0976,0.1288,0.1342,0.1987,0.2145,0.2278,0.2138,0.22873561,2,"{""geodesic"":false,""type"":""Point"",""coordinates"":[112.39707360174191,33.42815326841984]}"
1_1_1_28_0,0.1322,0.1103,0.0791,0.1038,0.0936,0.1369,0.1239,0.1317,0.1106,0.08325174,2,"{""geodesic"":false,""type"":""Point"",""coordinates"":[112.324040569143,33.44836536231253]}"
1_1_1_29_0,0.1367,0.117,0.092,0.1152,0.1154,0.1471,0.1437,0.1426,0.1536,0.14200746,2,"{""geodesic"":false,""type"":""Point"",""coordinates"":[112.29870807813083,33.461570596989084]}"
1_1_1_30_0,0.0839,0.0661,0.0619,0.0851,0.063,0.0886,0.0788,0.0746,0.0654,0.018691557,2,"{""geodesic"":false,""type"":""Point"",""coordinates"":[112.31784219368257,33.45456373777295]}"
1_1_1_31_0,0.0751,0.05565,0.06595,0.0868,0.08285,0.0929,0.10905,0.11615,0.167,0.33680207,2,"{""geodesic"":false,""type"":""Point"",""coordinates"":[112.31865067743827,33.45833666196626]}"
1_1_1_32_0,0.0212,0.0151,0.0517,0.0555,0.0387,0.03675,0.03355,0.0341,0.0327,-0.08403363,2,"{""geodesic"":false,""type"":""Point"",""coordinates"":[112.58131806651483,33.32556566297339]}"
1_1_1_33_0,0.02,0.01395,0.0544,0.05745,0.039,0.0402,0.03535,0.0357,0.0328,-0.086350985,2,"{""geodesic"":false,""type"":""Point"",""coordinates"":[112.58580964293542,33.318379140700436]}"
1_1_1_34_0,0.0168,0.01225,0.05635,0.0554,0.03715,0.03655,0.03175,0.03075,0.0289,-0.12490538,2,"{""geodesic"":false,""type"":""Point"",""coordinates"":[112.59434363813456,33.30750952576259]}"
1_1_1_35_0,0.0268,0.0202,0.0469,0.0565,0.0379,0.0425,0.0263,0.0259,0.0241,-0.22258066,2,"{""geodesic"":false,""type"":""Point"",""coordinates"":[112.6291982711584,33.17222324397419]}"
1_1_1_36_0,0.02885,0.02095,0.04975,0.06675,0.04565,0.0493,0.03025,0.03365,0.0299,-0.20847124,2,"{""geodesic"":false,""type"":""Point"",""coordinates"":[112.63845091858482,33.15587390580321]}"
1_1_1_37_0,0.03715,0.0277,0.0514,0.0656,0.04925,0.06085,0.0572,0.0589,0.06585,0.14422241,2,"{""geodesic"":false,""type"":""Point"",""coordinates"":[112.63162372242552,33.143566986410775]}"
1_1_1_38_0,0.02395,0.01745,0.07385,0.09105,0.0749,0.07205,0.048,0.04515,0.0415,-0.28694162,2,"{""geodesic"":false,""type"":""Point"",""coordinates"":[112.5540092818776,33.2024066375206]}"
1_1_1_39_0,0.018,0.014,0.0713,0.0979,0.0745,0.0806,0.047,0.0469,0.041,-0.2900433,2,"{""geodesic"":false,""type"":""Point"",""coordinates"":[112.525532687371,33.184350500309804]}"
1_1_1_40_0,0.0184,0.01335,0.0699,0.0998,0.0747,0.0828,0.04655,0.0456,0.0403,-0.2991304,2,"{""geodesic"":false,""type"":""Point"",""coordinates"":[112.52616150806989,33.18084707070174]}"
1_1_1_41_0,0.0231,0.0159,0.0488,0.0606,0.0398,0.0468,0.0289,0.029,0.0298,-0.14367816,2,"{""geodesic"":false,""type"":""Point"",""coordinates"":[112.63162372242552,33.09838172761956]}"
1_1_1_42_0,0.0205,0.01615,0.0472,0.055,0.03485,0.04115,0.02465,0.02575,0.0237,-0.19043553,2,"{""geodesic"":false,""type"":""Point"",""coordinates"":[112.61994562373197,33.0693661439425]}"
1_1_1_43_0,0.02045,0.0171,0.05535,0.069,0.0462,0.05465,0.02765,0.02895,0.02655,-0.27010307,2,"{""geodesic"":false,""type"":""Point"",""coordinates"":[112.59793689927103,33.01034682977585]}"
1_1_1_44_0,0.02005,0.01655,0.0564,0.0709,0.0499,0.061,0.0402,0.03985,0.03675,-0.15175995,2,"{""geodesic"":false,""type"":""Point"",""coordinates"":[112.5119681265808,32.96174797290498]}"
1_1_1_45_0,0.0616,0.0383,0.07,0.0905,0.0702,0.0881,0.0781,0.087,0.0865,0.10402037,2,"{""geodesic"":false,""type"":""Point"",""coordinates"":[112.43327570769193,32.84424833374215]}"
1_1_1_46_0,0.1908,0.1278,0.0813,0.1044,0.0982,0.1369,0.2164,0.2406,0.2088,0.36026058,2,"{""geodesic"":false,""type"":""Point"",""coordinates"":[112.43632997965793,32.85206367671399]}"
1_1_1_47_0,0.1604,0.1117,0.0824,0.1096,0.107,0.1357,0.1729,0.1811,0.1792,0.25227112,2,"{""geodesic"":false,""type"":""Point"",""coordinates"":[112.43785711564094,32.847661931821804]}"
1_1_1_48_0,0.0486,0.0348,0.0785,0.0914,0.0676,0.0819,0.0642,0.0716,0.0705,0.020999309,2,"{""geodesic"":false,""type"":""Point"",""coordinates"":[112.43884526245347,32.835534675486194]}"
1_1_1_49_0,0.2784,0.1868,0.0715,0.098,0.0921,0.1468,0.2435,0.2654,0.2732,0.49575692,2,"{""geodesic"":false,""type"":""Point"",""coordinates"":[112.43453334908969,32.82592270194611]}"
1_1_1_50_0,0.0401,0.02785,0.04635,0.0606,0.04355,0.06095,0.0509,0.05365,0.0488,0.05684894,2,"{""geodesic"":false,""type"":""Point"",""coordinates"":[112.48789327696639,32.72620970540885]}"
1_1_1_51_0,0.0341,0.0261,0.047,0.0599,0.0454,0.0559,0.04775,0.0488,0.0481,0.028876977,2,"{""geodesic"":false,""type"":""Point"",""coordinates"":[112.4631896066531,32.700517888283024]}"
1_1_1_52_0,0.0323,0.0265,0.0456,0.0583,0.0477,0.0611,0.0487,0.0486,0.0504,0.027522946,2,"{""geodesic"":false,""type"":""Point"",""coordinates"":[112.50163750081342,32.765196588739634]}"
1_1_1_53_0,0.03835,0.02675,0.0515,0.0682,0.053,0.06375,0.04615,0.0481,0.0434,-0.09958505,2,"{""geodesic"":false,""type"":""Point"",""coordinates"":[112.4338146968624,32.66215982565112]}"
1_1_1_54_0,0.0637,0.0457,0.0727,0.1044,0.0819,0.1025,0.0911,0.0969,0.0849,0.017985603,2,"{""geodesic"":false,""type"":""Point"",""coordinates"":[112.35242733212117,32.62371193149081]}"
1_1_1_55_0,0.0437,0.0289,0.0658,0.1006,0.0708,0.1013,0.07025,0.07265,0.0599,-0.08339708,2,"{""geodesic"":false,""type"":""Point"",""coordinates"":[112.41539923353795,32.64401385691191]}"
1_1_1_56_0,0.0618,0.0456,0.0802,0.1028,0.0829,0.0963,0.0856,0.0908,0.0736,-0.059424926,2,"{""geodesic"":false,""type"":""Point"",""coordinates"":[112.36823768112167,32.60403882676859]}"
1_1_1_57_0,0.0934,0.06755,0.06215,0.07235,0.06015,0.08785,0.1152,0.12145,0.1121,0.3015965,2,"{""geodesic"":false,""type"":""Point"",""coordinates"":[112.40093635746362,32.583018249120194]}"
1_1_1_58_0,0.03005,0.0204,0.0678,0.09085,0.0682,0.0755,0.0499,0.05095,0.0498,-0.15593219,2,"{""geodesic"":false,""type"":""Point"",""coordinates"":[112.33814411910367,32.52381927189672]}"
1_1_1_59_0,0.0385,0.026,0.074,0.0954,0.0731,0.091,0.07,0.0667,0.0547,-0.14397497,2,"{""geodesic"":false,""type"":""Point"",""coordinates"":[112.33508984713767,32.51636325503853]}"
1_1_1_60_0,0.0669,0.0454,0.0725,0.092,0.0743,0.0907,0.0895,0.0974,0.0937,0.1154762,2,"{""geodesic"":false,""type"":""Point"",""coordinates"":[112.33212540670007,32.47989165450327]}"
1_1_1_61_0,0.03765,0.02705,0.06725,0.0866,0.07105,0.08145,0.0655,0.0702,0.0687,-0.01681576,2,"{""geodesic"":false,""type"":""Point"",""coordinates"":[112.32835248250677,32.46650675676989]}"
1_1_1_62_0,0.0333,0.0232,0.05685,0.07675,0.05295,0.05605,0.0504,0.05505,0.05195,-0.009532873,2,"{""geodesic"":false,""type"":""Point"",""coordinates"":[112.0054081378658,32.73285723851133]}"
1_1_1_63_0,0.0276,0.0201,0.0777,0.0894,0.0694,0.0803,0.0633,0.0685,0.061,-0.06441715,2,"{""geodesic"":false,""type"":""Point"",""coordinates"":[112.04807811386148,32.704919633175216]}"
1_1_1_64_0,0.0387,0.02705,0.07425,0.08495,0.0611,0.07225,0.06755,0.07075,0.06215,0.008519293,2,"{""geodesic"":false,""type"":""Point"",""coordinates"":[112.0331660801451,32.72477240095425]}"
1_1_1_65_0,0.0447,0.02985,0.07715,0.0859,0.0668,0.0712,0.06125,0.07045,0.0727,0.04229393,2,"{""geodesic"":false,""type"":""Point"",""coordinates"":[112.08643617649338,32.707434915970744]}"
1_1_1_66_0,0.0291,0.0233,0.0778,0.091,0.067,0.0809,0.0608,0.0618,0.0533,-0.11388197,2,"{""geodesic"":false,""type"":""Point"",""coordinates"":[112.10170753632342,32.700338225226204]}"
1_1_1_67_0,0.0838,0.0597,0.0802,0.096,0.0811,0.1111,0.1158,0.115,0.0907,0.05587892,2,"{""geodesic"":false,""type"":""Point"",""coordinates"":[112.14320970244974,32.694409344351016]}"
1_1_1_68_0,0.0235,0.0168,0.0431,0.0503,0.0436,0.0522,0.0441,0.0429,0.0395,-0.04933813,2,"{""geodesic"":false,""type"":""Point"",""coordinates"":[111.95689911252335,32.86760453112926]}"
1_1_1_69_0,0.0302,0.0203,0.06095,0.08045,0.0579,0.06655,0.0533,0.0499,0.0484,-0.089369714,2,"{""geodesic"":false,""type"":""Point"",""coordinates"":[111.9506109055345,32.66045302661129]}"
1_1_1_70_0,0.0328,0.0199,0.0643,0.0847,0.0566,0.0639,0.0512,0.0529,0.0486,-0.07604564,2,"{""geodesic"":false,""type"":""Point"",""coordinates"":[111.95186854693227,32.65829706992941]}"
1_1_1_71_0,0.0171,0.0128,0.0608,0.0608,0.0435,0.0404,0.0348,0.0315,0.0328,-0.1402359,2,"{""geodesic"":false,""type"":""Point"",""coordinates"":[111.5513995932718,32.680305794390335]}"
1_1_1_72_0,0.0164,0.0124,0.0644,0.059,0.0432,0.0385,0.0347,0.0334,0.0309,-0.16599192,2,"{""geodesic"":false,""type"":""Point"",""coordinates"":[111.59739333581871,32.737528477988754]}"
1_1_1_73_0,0.01365,0.01135,0.0612,0.05835,0.0382,0.03665,0.0327,0.03245,0.0299,-0.12187958,2,"{""geodesic"":false,""type"":""Point"",""coordinates"":[111.53424177134511,32.738696287858104]}"
1_1_1_74_0,0.0188,0.0145,0.06745,0.06535,0.04575,0.0437,0.039,0.03725,0.0359,-0.12063685,2,"{""geodesic"":false,""type"":""Point"",""coordinates"":[111.5259772707312,32.698182268544315]}"
1_1_1_75_0,0.0187,0.0131,0.06775,0.06765,0.0449,0.0425,0.0379,0.037,0.036,-0.11001238,2,"{""geodesic"":false,""type"":""Point"",""coordinates"":[111.51358051981036,32.688929621117886]}"
1_1_1_76_0,0.0161,0.0132,0.0607,0.0589,0.0397,0.0412,0.0413,0.04,0.0375,-0.028497407,2,"{""geodesic"":false,""type"":""Point"",""coordinates"":[111.6379073551325,32.66988533709455]}"
1_1_1_77_0,0.0167,0.0128,0.0686,0.0636,0.0437,0.043,0.038,0.0399,0.0349,-0.11195929,2,"{""geodesic"":false,""type"":""Point"",""coordinates"":[111.61176638036463,32.71902318313589]}"
1_1_1_78_0,0.0202,0.0142,0.0651,0.0626,0.0461,0.043,0.0396,0.0385,0.0354,-0.13128836,2,"{""geodesic"":false,""type"":""Point"",""coordinates"":[111.60152558612566,32.67859899535051]}"
1_1_1_79_0,0.0163,0.0112,0.0707,0.06765,0.04535,0.04255,0.037,0.0365,0.0335,-0.15028535,2,"{""geodesic"":false,""type"":""Point"",""coordinates"":[111.58293045974439,32.72710802069297]}"
1_1_1_80_0,0.0196,0.014,0.0622,0.0598,0.042,0.039,0.0331,0.0295,0.0315,-0.14285713,2,"{""geodesic"":false,""type"":""Point"",""coordinates"":[111.5709828664656,32.675544723384505]}"
1_1_1_81_0,0.0252,0.0196,0.0717,0.07725,0.0514,0.0534,0.04655,0.04625,0.0386,-0.14222218,2,"{""geodesic"":false,""type"":""Point"",""coordinates"":[111.283881301661,33.0287622931003]}"
1_1_1_82_0,0.02455,0.02065,0.0705,0.07625,0.05345,0.05145,0.04755,0.04535,0.04285,-0.110072695,2,"{""geodesic"":false,""type"":""Point"",""coordinates"":[111.31406469520742,33.01259261798615]}"
1_1_1_83_0,0.0214,0.01685,0.0598,0.06735,0.04265,0.04285,0.0378,0.0389,0.03495,-0.0992268,2,"{""geodesic"":false,""type"":""Point"",""coordinates"":[111.35592618744738,32.980971919985144]}"
1_1_1_84_0,0.0172,0.0122,0.0618,0.0664,0.0404,0.0403,0.0368,0.035,0.0336,-0.09189189,2,"{""geodesic"":false,""type"":""Point"",""coordinates"":[111.43147450284184,32.95096818949555]}"
1_1_1_85_0,0.02235,0.0167,0.05565,0.066,0.0425,0.04735,0.0354,0.0372,0.0348,-0.0996119,2,"{""geodesic"":false,""type"":""Point"",""coordinates"":[111.48366662084918,33.03397252174819]}"
1_1_1_86_0,0.0193,0.0141,0.0534,0.0644,0.0413,0.0532,0.0359,0.0367,0.03,-0.15848526,2,"{""geodesic"":false,""type"":""Point"",""coordinates"":[111.46516132599632,33.050591354504405]}"
1_1_1_87_0,0.0191,0.0145,0.0518,0.0633,0.0387,0.048,0.0352,0.036,0.0304,-0.12011576,2,"{""geodesic"":false,""type"":""Point"",""coordinates"":[111.45752564608131,33.05696939302165]}"
1_1_1_88_0,0.02185,0.01745,0.053,0.06145,0.04215,0.0445,0.03455,0.0362,0.03215,-0.13458948,2,"{""geodesic"":false,""type"":""Point"",""coordinates"":[111.45474086870053,33.06460507293667]}"
1_1_1_89_0,0.0244,0.0169,0.0534,0.062,0.0446,0.0532,0.0388,0.0414,0.0354,-0.114999995,2,"{""geodesic"":false,""type"":""Point"",""coordinates"":[111.47513262565005,33.19773539804318]}"
1_1_1_90_0,0.0286,0.0225,0.0536,0.05925,0.04345,0.05015,0.0413,0.0444,0.04,-0.04134215,2,"{""geodesic"":false,""type"":""Point"",""coordinates"":[111.48061234888317,33.19656758817383]}"
1_1_1_91_0,0.0319,0.02355,0.055,0.06495,0.0449,0.05375,0.04695,0.05125,0.04455,-0.003912783,2,"{""geodesic"":false,""type"":""Point"",""coordinates"":[111.49247011063355,33.19611843053177]}"
1_1_1_92_0,0.0246,0.017,0.049,0.0572,0.0423,0.0479,0.0389,0.0399,0.0322,-0.13557047,2,"{""geodesic"":false,""type"":""Point"",""coordinates"":[111.46363419001331,33.19360314773623]}"
1_1_1_93_0,0.0297,0.0195,0.0496,0.0682,0.0454,0.0561,0.0394,0.0445,0.0386,-0.080952376,2,"{""geodesic"":false,""type"":""Point"",""coordinates"":[111.4980396653951,33.20258630057743]}"
1_1_1_94_0,0.01585,0.01335,0.05475,0.07115,0.04805,0.0449,0.03185,0.03215,0.03105,-0.21491784,2,"{""geodesic"":false,""type"":""Point"",""coordinates"":[112.14770127887033,33.14868738353026]}"
1_1_1_95_0,0.01605,0.0116,0.0561,0.0715,0.04745,0.0439,0.03195,0.03195,0.0282,-0.25446132,2,"{""geodesic"":false,""type"":""Point"",""coordinates"":[112.14303003939291,33.14266867112666]}"
1_1_1_96_0,0.01785,0.0136,0.0534,0.0658,0.0435,0.03995,0.03075,0.0306,0.02935,-0.19423473,2,"{""geodesic"":false,""type"":""Point"",""coordinates"":[112.15542679031375,33.125960006842035]}"
1_1_1_97_0,0.0167,0.0127,0.0543,0.0662,0.043,0.042,0.032,0.0323,0.0301,-0.17647062,2,"{""geodesic"":false,""type"":""Point"",""coordinates"":[112.14617414288733,33.12955326797851]}"
1_1_1_98_0,0.02,0.01575,0.0546,0.07045,0.05145,0.06035,0.0402,0.03965,0.035,-0.19028339,2,"{""geodesic"":false,""type"":""Point"",""coordinates"":[112.0663139141291,33.17581650511067]}"
1_1_1_99_0,0.0181,0.0143,0.04745,0.0621,0.0434,0.0498,0.0321,0.033,0.03045,-0.17535546,2,"{""geodesic"":false,""type"":""Point"",""coordinates"":[112.06838003928257,33.168809645894534]}"
1_1_2_0_0,0.2271,0.1948,0.1322,0.1598,0.1664,0.18125,0.2191,0.2272,0.2254,0.15058704,0,"{""geodesic"":false,""type"":""Point"",""coordinates"":[112.23573617671404,33.041518370134796]}"
1_1_2_1_0,0.2177,0.2068,0.121,0.1294,0.1384,0.1469,0.1623,0.1775,0.1882,0.15248008,0,"{""geodesic"":false,""type"":""Point"",""coordinates"":[112.53990573191692,32.972348093257594]}"
1_1_2_2_0,0.4075,0.3728,0.2024,0.246,0.2932,0.3278,0.3334,0.3388,0.3423,0.07726202,0,"{""geodesic"":false,""type"":""Point"",""coordinates"":[112.61626253106708,32.985014338763676]}"
1_1_2_3_0,0.2544,0.2583,0.1608,0.1896,0.1612,0.1499,0.1587,0.1626,0.1826,0.062245503,0,"{""geodesic"":false,""type"":""Point"",""coordinates"":[112.1377299792166,32.6777905115948]}"
1_1_2_4_0,0.1373,0.1204,0.1287,0.1508,0.1569,0.14315,0.1436,0.15215,0.1824,0.07515473,0,"{""geodesic"":false,""type"":""Point"",""coordinates"":[112.12470440759687,32.67806000618004]}"
1_1_2_5_0,0.2237,0.2233,0.1114,0.1178,0.1228,0.1448,0.166,0.1755,0.1732,0.17027026,0,"{""geodesic"":false,""type"":""Point"",""coordinates"":[112.06972751220876,32.6785091638221]}"
1_1_2_6_0,0.171,0.1465,0.109,0.1162,0.1258,0.1301,0.1371,0.142,0.1388,0.049130753,0,"{""geodesic"":false,""type"":""Point"",""coordinates"":[111.86527095354316,33.06092198027178]}"
1_1_2_7_0,0.1701,0.1631,0.1278,0.1448,0.1512,0.1599,0.1656,0.1739,0.1804,0.08805791,0,"{""geodesic"":false,""type"":""Point"",""coordinates"":[111.8438910497811,33.05023202839076]}"
1_1_2_8_0,0.1833,0.1492,0.0874,0.1206,0.1014,0.1181,0.1208,0.134,0.157,0.21517028,0,"{""geodesic"":false,""type"":""Point"",""coordinates"":[111.81514496068928,33.05139983826011]}"
1_1_2_9_0,0.20515,0.1842,0.1205,0.135,0.1468,0.15915,0.1622,0.16855,0.1673,0.06526586,0,"{""geodesic"":false,""type"":""Point"",""coordinates"":[111.86176752393509,33.061281306385425]}"
1_1_2_10_0,0.2182,0.1401,0.0507,0.0788,0.0713,0.1249,0.2589,0.3039,0.2863,0.60123044,0,"{""geodesic"":false,""type"":""Point"",""coordinates"":[111.87398461179912,33.06747968184585]}"
1_1_2_11_0,0.20605,0.1797,0.1306,0.1533,0.1673,0.18015,0.18385,0.19855,0.18925,0.06156221,0,"{""geodesic"":false,""type"":""Point"",""coordinates"":[112.84173966738108,32.686773664436]}"
1_1_2_12_0,0.21675,0.1986,0.1415,0.158,0.1773,0.1912,0.19275,0.20105,0.2022,0.06561262,0,"{""geodesic"":false,""type"":""Point"",""coordinates"":[112.8577296794384,32.681743098844926]}"
1_1_2_13_0,0.32165,0.3112,0.1898,0.2225,0.2538,0.2926,0.29625,0.3072,0.3027,0.087870635,0,"{""geodesic"":false,""type"":""Point"",""coordinates"":[112.83949387917077,32.68506686539617]}"
1_1_2_14_0,0.18835,0.1659,0.08965,0.1138,0.1186,0.1298,0.1484,0.1624,0.1583,0.14337304,0,"{""geodesic"":false,""type"":""Point"",""coordinates"":[112.8291632534034,32.68812113736218]}"
1_1_2_15_0,0.2069,0.18215,0.1139,0.1289,0.1417,0.1727,0.19515,0.20225,0.20635,0.18574917,0,"{""geodesic"":false,""type"":""Point"",""coordinates"":[112.82494117156804,32.683449897884756]}"
1_1_2_16_0,0.2308,0.1836,0.1396,0.1558,0.1676,0.1716,0.2351,0.2578,0.2365,0.17050232,0,"{""geodesic"":false,""type"":""Point"",""coordinates"":[112.37973611675841,32.522292135913716]}"
1_1_2_17_0,0.3445,0.3428,0.3565,0.3752,0.3824,0.35395,0.3616,0.35655,0.3869,0.0058494755,0,"{""geodesic"":false,""type"":""Point"",""coordinates"":[112.3729987521275,32.52381927189672]}"
1_1_2_18_0,0.3354,0.3693,0.3016,0.304,0.3168,0.3994,0.3809,0.3809,0.3228,0.009380882,0,"{""geodesic"":false,""type"":""Point"",""coordinates"":[112.37910729605952,32.522920956612595]}"
1_1_2_19_0,0.2382,0.2297,0.1834,0.1232,0.1202,0.1314,0.1561,0.1915,0.2123,0.27699247,0,"{""geodesic"":false,""type"":""Point"",""coordinates"":[112.36868683876374,32.51968702158977]}"
1_1_2_20_0,0.2479,0.2387,0.2061,0.1797,0.1733,0.1626,0.1837,0.21205,0.23835,0.15802261,0,"{""geodesic"":false,""type"":""Point"",""coordinates"":[112.36500374609885,32.52328028272625]}"
1_1_2_21_0,0.2741,0.2634,0.1472,0.1754,0.1902,0.2001,0.2114,0.2216,0.2362,0.10787993,0,"{""geodesic"":false,""type"":""Point"",""coordinates"":[112.38764129125866,32.52166331521483]}"
1_1_2_22_0,0.2545,0.2384,0.1748,0.1904,0.2254,0.2322,0.2394,0.2455,0.2631,0.07717502,0,"{""geodesic"":false,""type"":""Point"",""coordinates"":[113.40201891008643,32.37047685289752]}"
1_1_2_23_0,0.2006,0.1871,0.0902,0.0909,0.1021,0.1356,0.1348,0.1458,0.1555,0.20729811,0,"{""geodesic"":false,""type"":""Point"",""coordinates"":[113.40327655148418,32.377304049056825]}"
1_1_2_24_0,0.2393,0.2313,0.1606,0.1764,0.1748,0.156,0.1679,0.2044,0.2178,0.10952627,0,"{""geodesic"":false,""type"":""Point"",""coordinates"":[113.39105946362017,32.369668369141806]}"
1_1_2_25_0,0.2254,0.1701,0.1238,0.0989,0.1061,0.10635,0.1084,0.1612,0.1809,0.26062715,0,"{""geodesic"":false,""type"":""Point"",""coordinates"":[113.17519430084624,32.57071132972776]}"
1_1_2_26_0,0.22315,0.19965,0.1133,0.1172,0.1308,0.16705,0.1912,0.20405,0.1761,0.1476051,0,"{""geodesic"":false,""type"":""Point"",""coordinates"":[113.16423485437998,32.5762808844893]}"
1_1_2_27_0,0.1857,0.17655,0.1312,0.1435,0.1563,0.176,0.16935,0.1748,0.1559,-0.0012812039,0,"{""geodesic"":false,""type"":""Point"",""coordinates"":[113.15857546809004,32.56864520457428]}"
1_1_2_28_0,0.2355,0.2127,0.1224,0.1488,0.1552,0.181,0.1983,0.2106,0.1948,0.113142855,0,"{""geodesic"":false,""type"":""Point"",""coordinates"":[113.02328918630162,32.56648924789239]}"
1_1_2_29_0,0.2297,0.1997,0.09165,0.1157,0.119,0.17285,0.2257,0.23485,0.224,0.30612245,0,"{""geodesic"":false,""type"":""Point"",""coordinates"":[113.03191301302918,32.57322661252329]}"
1_1_2_30_0,0.2534,0.2374,0.1673,0.1951,0.2328,0.21795,0.2269,0.22855,0.26665,0.06777452,0,"{""geodesic"":false,""type"":""Point"",""coordinates"":[113.0388300407169,32.57295711793805]}"
1_1_2_31_0,0.25735,0.23715,0.1494,0.1749,0.1984,0.2156,0.2313,0.2377,0.2539,0.12270614,0,"{""geodesic"":false,""type"":""Point"",""coordinates"":[113.02517564839827,32.5778080204723]}"
1_1_2_32_0,0.2696,0.25295,0.1592,0.1678,0.182,0.19365,0.20595,0.2231,0.26295,0.18193057,0,"{""geodesic"":false,""type"":""Point"",""coordinates"":[113.01987558822198,32.57196897112552]}"
1_1_2_33_0,0.3182,0.29505,0.2015,0.24,0.2573,0.2923,0.3035,0.3045,0.31565,0.101841345,0,"{""geodesic"":false,""type"":""Point"",""coordinates"":[113.05086746552409,32.63664767158213]}"
1_1_2_34_0,0.27815,0.26375,0.1391,0.1567,0.167,0.17735,0.1951,0.21185,0.23205,0.16301218,0,"{""geodesic"":false,""type"":""Point"",""coordinates"":[113.04781319355808,32.63682733463895]}"
1_1_2_35_0,0.51165,0.5334,0.2191,0.10325,0.10275,0.16345,0.17385,0.21365,0.2993,0.48886952,0,"{""geodesic"":false,""type"":""Point"",""coordinates"":[113.05041830788204,32.634222220315]}"
1_1_2_36_0,0.2526,0.2248,0.1538,0.187,0.1946,0.2073,0.2258,0.2442,0.2354,0.09488373,0,"{""geodesic"":false,""type"":""Point"",""coordinates"":[113.04700470980238,32.634042557258184]}"
1_1_2_37_0,0.3012,0.2821,0.1635,0.1972,0.224,0.24825,0.29135,0.28915,0.3216,0.1788856,0,"{""geodesic"":false,""type"":""Point"",""coordinates"":[113.05895230308117,32.649763074730274]}"
1_1_2_38_0,0.2326,0.2215,0.1122,0.1197,0.1236,0.1384,0.14415,0.16795,0.1789,0.18280993,0,"{""geodesic"":false,""type"":""Point"",""coordinates"":[112.08329207299896,32.67123281002073]}"
1_1_2_39_0,0.20655,0.19575,0.104,0.11,0.1158,0.13395,0.14945,0.1631,0.1591,0.1575118,0,"{""geodesic"":false,""type"":""Point"",""coordinates"":[112.07853100199313,32.69162456697024]}"
1_1_2_40_0,0.19405,0.185,0.1292,0.1191,0.1268,0.1362,0.14585,0.15155,0.1834,0.18246293,0,"{""geodesic"":false,""type"":""Point"",""coordinates"":[112.10152787326659,32.68821096889059]}"
1_1_2_41_0,0.2361,0.212,0.1276,0.1535,0.1913,0.2036,0.20015,0.21505,0.225,0.080951214,0,"{""geodesic"":false,""type"":""Point"",""coordinates"":[112.0805971271466,32.68138377273128]}"
1_1_2_42_0,0.4869,0.2824,0.453,0.5066,0.5554,0.5915,0.58575,0.59435,0.6022,0.040428437,0,"{""geodesic"":false,""type"":""Point"",""coordinates"":[112.05948671796979,32.6890194526463]}"
1_1_2_43_0,0.3618,0.2459,0.3525,0.3903,0.4332,0.37135,0.3895,0.39125,0.4642,0.034544226,0,"{""geodesic"":false,""type"":""Point"",""coordinates"":[112.04807811386148,32.69908058382843]}"
1_1_2_44_0,0.32385,0.30905,0.1641,0.1867,0.2056,0.229,0.24475,0.26135,0.2675,0.13083918,0,"{""geodesic"":false,""type"":""Point"",""coordinates"":[111.91575627251068,32.65236818905422]}"
1_1_2_45_0,0.25,0.2365,0.1142,0.1318,0.1466,0.1673,0.2009,0.2144,0.234,0.22963743,0,"{""geodesic"":false,""type"":""Point"",""coordinates"":[111.92150549032904,32.705817948459334]}"
1_1_2_46_0,0.23315,0.21435,0.1378,0.1515,0.1631,0.1913,0.2053,0.21205,0.2013,0.10482983,0,"{""geodesic"":false,""type"":""Point"",""coordinates"":[111.94953292719356,32.74300820122188]}"
1_1_2_47_0,0.267,0.2428,0.1415,0.163,0.1859,0.1994,0.2198,0.23335,0.2272,0.09997579,0,"{""geodesic"":false,""type"":""Point"",""coordinates"":[111.88233894394142,32.74956590279595]}"
1_1_2_48_0,0.27155,0.26065,0.1476,0.1664,0.1884,0.2158,0.22975,0.2422,0.2394,0.11921459,0,"{""geodesic"":false,""type"":""Point"",""coordinates"":[111.87667955765147,32.750643881136895]}"
1_1_2_49_0,0.2608,0.2398,0.1196,0.1332,0.1456,0.1682,0.1942,0.2152,0.2198,0.2030651,0,"{""geodesic"":false,""type"":""Point"",""coordinates"":[111.78469207255763,32.70168569815238]}"
1_1_2_50_0,0.21465,0.17685,0.0922,0.1084,0.117,0.1456,0.1869,0.2081,0.20735,0.27855712,0,"{""geodesic"":false,""type"":""Point"",""coordinates"":[111.74956794494855,32.7093213780674]}"
1_1_2_51_0,0.35605,0.3428,0.1877,0.1163,0.1128,0.13955,0.15555,0.1948,0.2389,0.35854423,0,"{""geodesic"":false,""type"":""Point"",""coordinates"":[111.76861222897189,32.7289046512612]}"
1_1_2_52_0,0.218,0.1379,0.076,0.0996,0.0893,0.1344,0.2562,0.3177,0.3288,0.5728295,0,"{""geodesic"":false,""type"":""Point"",""coordinates"":[111.74723232520985,32.73950477161382]}"
1_1_2_53_0,0.2216,0.1529,0.0706,0.0962,0.113,0.1309,0.2332,0.316,0.3144,0.47122133,0,"{""geodesic"":false,""type"":""Point"",""coordinates"":[111.76510879936383,32.753248995460844]}"
1_1_2_54_0,0.3475,0.3636,0.2568,0.2014,0.181,0.1815,0.1857,0.2377,0.2742,0.20474517,0,"{""geodesic"":false,""type"":""Point"",""coordinates"":[111.74597468381208,32.7664542301374]}"
1_1_2_55_0,0.23005,0.1979,0.09555,0.1133,0.1215,0.1659,0.20295,0.21965,0.2232,0.29503915,0,"{""geodesic"":false,""type"":""Point"",""coordinates"":[111.761874864341,32.776425529791126]}"
1_1_2_56_0,0.26975,0.25715,0.1699,0.2019,0.2289,0.22785,0.2479,0.25545,0.29005,0.117834084,0,"{""geodesic"":false,""type"":""Point"",""coordinates"":[111.75190356468727,32.77606620367748]}"
1_1_2_57_0,0.38055,0.3822,0.2389,0.2809,0.3144,0.32235,0.33695,0.343,0.3559,0.06191258,0,"{""geodesic"":false,""type"":""Point"",""coordinates"":[111.88647119424837,32.96839550600747]}"
1_1_2_58_0,0.3642,0.3502,0.2132,0.2802,0.3216,0.3235,0.3343,0.3436,0.379,0.0819298,0,"{""geodesic"":false,""type"":""Point"",""coordinates"":[111.87102017136152,32.97252775631442]}"
1_1_2_59_0,0.4019,0.4115,0.2486,0.288,0.3177,0.34355,0.351,0.35295,0.3572,0.058527187,0,"{""geodesic"":false,""type"":""Point"",""coordinates"":[111.88395591145284,32.97773798496231]}"
1_1_2_60_0,0.4012,0.3983,0.2636,0.3062,0.3406,0.3652,0.3623,0.3674,0.3718,0.043795608,0,"{""geodesic"":false,""type"":""Point"",""coordinates"":[111.88539321590743,32.97243792478601]}"
1_1_2_61_0,0.41365,0.4303,0.2387,0.2885,0.3183,0.3532,0.3648,0.37755,0.3588,0.05981389,0,"{""geodesic"":false,""type"":""Point"",""coordinates"":[111.88099147101525,32.98842793684334]}"
1_1_2_62_0,0.4325,0.4464,0.2598,0.3064,0.341,0.3621,0.3697,0.3732,0.3804,0.05461604,0,"{""geodesic"":false,""type"":""Point"",""coordinates"":[111.87964399808907,32.98672113780351]}"
1_1_2_63_0,0.36735,0.34325,0.2445,0.2911,0.3374,0.3254,0.3422,0.35495,0.3934,0.07662839,0,"{""geodesic"":false,""type"":""Point"",""coordinates"":[111.8694032038501,32.986451643218274]}"
1_1_2_64_0,0.456,0.40965,0.273,0.3783,0.4008,0.43435,0.4209,0.4098,0.3924,-0.010590007,0,"{""geodesic"":false,""type"":""Point"",""coordinates"":[111.89195091748151,33.04430314751557]}"
1_1_2_65_0,0.4013,0.3097,0.3162,0.363,0.4012,0.4089,0.4213,0.4388,0.428,0.032320317,0,"{""geodesic"":false,""type"":""Point"",""coordinates"":[111.89069327608374,33.04852522935093]}"
1_1_2_66_0,0.4627,0.46755,0.3226,0.3831,0.4122,0.41495,0.4059,0.3959,0.4067,-0.0067163496,0,"{""geodesic"":false,""type"":""Point"",""coordinates"":[111.88736950953249,33.06029315957289]}"
1_1_2_67_0,0.4756,0.5219,0.4051,0.458,0.4854,0.51895,0.4972,0.48575,0.4864,0.0010290358,0,"{""geodesic"":false,""type"":""Point"",""coordinates"":[111.88260843852666,33.059394844288775]}"
1_1_2_68_0,0.1653,0.134,0.0884,0.1064,0.0991,0.1272,0.1731,0.1714,0.2128,0.3645399,0,"{""geodesic"":false,""type"":""Point"",""coordinates"":[111.88090163948684,33.05867619206148]}"
1_1_2_69_0,0.32625,0.33455,0.2091,0.2491,0.2908,0.3078,0.31035,0.3188,0.3101,0.032118462,0,"{""geodesic"":false,""type"":""Point"",""coordinates"":[111.87955416656065,33.062538947783196]}"
1_1_2_70_0,0.27275,0.2185,0.10015,0.1361,0.1796,0.2027,0.22855,0.24425,0.2444,0.15283018,0,"{""geodesic"":false,""type"":""Point"",""coordinates"":[111.87569141083894,33.072510247436924]}"
1_1_2_71_0,0.2837,0.2297,0.1024,0.1472,0.1826,0.2139,0.2364,0.2488,0.2473,0.1505001,0,"{""geodesic"":false,""type"":""Point"",""coordinates"":[111.87353545415705,33.07745098149958]}"
1_1_2_72_0,0.24335,0.2089,0.08785,0.10265,0.1025,0.16485,0.22485,0.2491,0.2451,0.41024166,0,"{""geodesic"":false,""type"":""Point"",""coordinates"":[112.22208178439543,33.03199622812313]}"
1_1_2_73_0,0.2042,0.1736,0.124,0.1394,0.1428,0.1591,0.1917,0.214,0.1954,0.15552926,0,"{""geodesic"":false,""type"":""Point"",""coordinates"":[112.22944796972521,33.027953809344595]}"
1_1_2_74_0,0.17025,0.14545,0.1148,0.1294,0.1368,0.1426,0.16965,0.18365,0.1951,0.17565528,0,"{""geodesic"":false,""type"":""Point"",""coordinates"":[112.22226144745225,33.04259634847574]}"
1_1_2_75_0,0.1818,0.1697,0.1236,0.1378,0.1488,0.1696,0.17,0.17315,0.1612,0.040000003,0,"{""geodesic"":false,""type"":""Point"",""coordinates"":[112.53011409532002,33.01115531353156]}"
1_1_2_76_0,0.1845,0.1692,0.1268,0.1442,0.1544,0.1663,0.1784,0.1868,0.1881,0.098394126,0,"{""geodesic"":false,""type"":""Point"",""coordinates"":[112.54394815069546,33.02507920043541]}"
1_1_2_77_0,0.2808,0.26985,0.1678,0.1563,0.1616,0.1676,0.19355,0.2077,0.21695,0.14621584,0,"{""geodesic"":false,""type"":""Point"",""coordinates"":[112.53712095453615,33.00486710654272]}"
1_1_2_78_0,0.33435,0.3115,0.1651,0.1875,0.2012,0.2611,0.2597,0.28575,0.2567,0.12120554,0,"{""geodesic"":false,""type"":""Point"",""coordinates"":[112.52131060553565,33.00010603553689]}"
1_1_2_79_0,0.1803,0.1549,0.1128,0.124,0.1202,0.1434,0.1957,0.2065,0.2198,0.29294115,0,"{""geodesic"":false,""type"":""Point"",""coordinates"":[113.00891614175572,33.259629321119014]}"
1_1_2_80_0,0.22345,0.2148,0.1134,0.1236,0.1363,0.1653,0.16715,0.1772,0.1729,0.11837001,0,"{""geodesic"":false,""type"":""Point"",""coordinates"":[113.00307709240894,33.250646168277825]}"
1_1_2_81_0,0.2485,0.2357,0.1322,0.1682,0.181,0.1817,0.2198,0.243,0.2589,0.1770857,0,"{""geodesic"":false,""type"":""Point"",""coordinates"":[112.99103966760174,33.257563195965545]}"
1_1_2_82_0,0.2695,0.2543,0.0913,0.1096,0.159,0.1817,0.2019,0.218,0.2061,0.12900577,0,"{""geodesic"":false,""type"":""Point"",""coordinates"":[112.92923557605431,33.059664338874015]}"
1_1_2_83_0,0.1977,0.1793,0.1114,0.1268,0.1454,0.1482,0.1631,0.1607,0.1844,0.1182535,0,"{""geodesic"":false,""type"":""Point"",""coordinates"":[112.92959490216796,33.055352425510236]}"
1_1_2_84_0,0.2031,0.1832,0.1324,0.1544,0.1708,0.1794,0.2036,0.2211,0.2138,0.11180447,0,"{""geodesic"":false,""type"":""Point"",""coordinates"":[112.93031355439525,33.046998093367925]}"
1_1_2_85_0,0.2272,0.2068,0.1206,0.1416,0.1592,0.178,0.1981,0.2072,0.1958,0.103098616,0,"{""geodesic"":false,""type"":""Point"",""coordinates"":[112.92222871683818,33.047716745595224]}"
1_1_2_86_0,0.19865,0.18805,0.1105,0.1226,0.1338,0.1655,0.16925,0.178,0.1682,0.113907285,0,"{""geodesic"":false,""type"":""Point"",""coordinates"":[111.4830378001503,33.32080459196756]}"
1_1_2_87_0,0.1684,0.15395,0.0684,0.07415,0.082,0.11015,0.1303,0.13445,0.1252,0.2084942,0,"{""geodesic"":false,""type"":""Point"",""coordinates"":[111.48097167499682,33.30526373755229]}"
1_1_2_88_0,0.1852,0.1753,0.1062,0.117,0.1189,0.14575,0.16075,0.16415,0.17255,0.18407957,0,"{""geodesic"":false,""type"":""Point"",""coordinates"":[111.4830378001503,33.29565176401221]}"
1_1_2_89_0,0.1867,0.1815,0.07805,0.0883,0.126,0.1422,0.1559,0.1669,0.1538,0.09935666,0,"{""geodesic"":false,""type"":""Point"",""coordinates"":[111.47683942468987,33.30193997100105]}"
1_1_2_90_0,0.22905,0.22325,0.1192,0.1597,0.1623,0.1786,0.2165,0.2306,0.26175,0.23452424,0,"{""geodesic"":false,""type"":""Point"",""coordinates"":[111.47055121770103,33.30014334043281]}"
1_1_2_91_0,0.1967,0.2087,0.08295,0.08995,0.1163,0.1324,0.1417,0.1425,0.14215,0.100019336,0,"{""geodesic"":false,""type"":""Point"",""coordinates"":[111.47827672914447,33.29412462802921]}"
1_1_2_92_0,0.18465,0.1856,0.0983,0.10145,0.1328,0.1401,0.15015,0.16185,0.15985,0.09243125,0,"{""geodesic"":false,""type"":""Point"",""coordinates"":[111.48106150652524,33.1332363606434]}"
1_1_2_93_0,0.22755,0.2233,0.1019,0.1125,0.1286,0.155,0.1573,0.16475,0.1619,0.11462994,0,"{""geodesic"":false,""type"":""Point"",""coordinates"":[111.48510392530378,33.12299556640444]}"
1_1_2_94_0,0.2379,0.1924,0.0972,0.1154,0.135,0.1577,0.2217,0.2506,0.2588,0.31437275,0,"{""geodesic"":false,""type"":""Point"",""coordinates"":[111.46677829350773,33.12407354474538]}"
1_1_2_95_0,0.1728,0.1589,0.0778,0.089,0.0868,0.1155,0.1281,0.1341,0.1329,0.20983158,0,"{""geodesic"":false,""type"":""Point"",""coordinates"":[111.48842769185501,33.14051271444477]}"
1_1_2_96_0,0.2909,0.2745,0.1688,0.2048,0.2392,0.2553,0.2721,0.2807,0.2768,0.072868235,0,"{""geodesic"":false,""type"":""Point"",""coordinates"":[111.47540212023529,33.134943159683225]}"
1_1_2_97_0,0.1896,0.1678,0.1124,0.12,0.1228,0.1259,0.1463,0.1632,0.1806,0.19050759,0,"{""geodesic"":false,""type"":""Point"",""coordinates"":[112.42195693511202,33.48896921315473]}"
1_1_2_98_0,0.2163,0.1942,0.1006,0.1138,0.129,0.1397,0.1616,0.1706,0.166,0.12542373,0,"{""geodesic"":false,""type"":""Point"",""coordinates"":[112.43076042489639,33.491125169836614]}"
1_1_2_99_0,0.20335,0.16545,0.09035,0.1117,0.1345,0.1432,0.18485,0.19725,0.23515,0.2722846,0,"{""geodesic"":false,""type"":""Point"",""coordinates"":[112.43174857170892,33.47774027210324]}"
1_2_0_0,0.2174,0.1136,0.046,0.0673,0.0484,0.1077,0.2818,0.3361,0.3484,0.7560484,3,"{""geodesic"":false,""type"":""Point"",""coordinates"":[112.05715109823109,33.30777902034782]}"
1_2_1_0,0.1854,0.0969,0.0409,0.0547,0.0455,0.0855,0.2095,0.2518,0.2492,0.6912114,3,"{""geodesic"":false,""type"":""Point"",""coordinates"":[112.04942558678765,33.30867733563194]}"
1_2_2_0,0.1785,0.0913,0.03525,0.05305,0.0467,0.0878,0.20365,0.2388,0.2505,0.6857335,3,"{""geodesic"":false,""type"":""Point"",""coordinates"":[112.018972698656,33.310653629257004]}"
1_2_3_0,0.207,0.11215,0.0386,0.0581,0.04805,0.1014,0.2153,0.26245,0.2661,0.69409513,3,"{""geodesic"":false,""type"":""Point"",""coordinates"":[112.01654724738889,33.31074346078542]}"
1_2_4_0,0.19045,0.09935,0.0336,0.0499,0.04185,0.0903,0.1977,0.2434,0.2342,0.69679403,3,"{""geodesic"":false,""type"":""Point"",""coordinates"":[112.0136726384797,33.31074346078542]}"
1_2_5_0,0.16595,0.0817,0.0317,0.04455,0.03805,0.0811,0.20025,0.24865,0.2626,0.7468818,3,"{""geodesic"":false,""type"":""Point"",""coordinates"":[111.66656361269591,33.32224189642215]}"
1_2_6_0,0.1739,0.082,0.03535,0.0504,0.04055,0.0846,0.20295,0.2377,0.2432,0.714185,3,"{""geodesic"":false,""type"":""Point"",""coordinates"":[111.70483184379941,33.31954695056979]}"
1_2_7_0,0.1966,0.0998,0.0416,0.0579,0.0514,0.0971,0.2423,0.2856,0.2928,0.70133644,3,"{""geodesic"":false,""type"":""Point"",""coordinates"":[113.08500344632064,32.42042318269456]}"
1_2_8_0,0.116,0.05965,0.0324,0.04475,0.0319,0.0692,0.1581,0.17545,0.17925,0.69784516,3,"{""geodesic"":false,""type"":""Point"",""coordinates"":[113.1794163826816,32.442162412570255]}"
1_2_9_0,0.2368,0.1695,0.0695,0.0844,0.0951,0.1254,0.217,0.2404,0.2591,0.46301523,3,"{""geodesic"":false,""type"":""Point"",""coordinates"":[113.23331529972877,32.424465601473095]}"
1_2_10_0,0.198,0.09445,0.0499,0.07,0.0499,0.0967,0.25105,0.2859,0.2685,0.68655777,3,"{""geodesic"":false,""type"":""Point"",""coordinates"":[113.24741884968945,32.415482448631906]}"
1_2_11_0,0.20115,0.09445,0.0406,0.06025,0.04525,0.084,0.26945,0.31905,0.3805,0.7874339,3,"{""geodesic"":false,""type"":""Point"",""coordinates"":[113.0493403295411,32.42967583012099]}"
1_2_12_0,0.2079,0.11215,0.0393,0.05925,0.04925,0.0944,0.2237,0.2708,0.29275,0.71198833,3,"{""geodesic"":false,""type"":""Point"",""coordinates"":[113.04143515504084,32.426172400512925]}"
1_2_13_0,0.1621,0.0971,0.038,0.0628,0.0421,0.0904,0.2031,0.2325,0.2423,0.7039381,3,"{""geodesic"":false,""type"":""Point"",""coordinates"":[113.12893106371408,32.42967583012099]}"
1_2_14_0,0.20775,0.10385,0.06105,0.0726,0.05175,0.1126,0.27825,0.34725,0.3499,0.74231297,3,"{""geodesic"":false,""type"":""Point"",""coordinates"":[111.58499658489787,33.176714820394785]}"
1_2_15_0,0.22355,0.10175,0.0604,0.0764,0.0557,0.1178,0.2904,0.3468,0.36485,0.7351088,3,"{""geodesic"":false,""type"":""Point"",""coordinates"":[111.56029291458458,33.18102673375856]}"
1_2_16_0,0.2006,0.093,0.0507,0.0645,0.0494,0.099,0.2531,0.2914,0.3422,0.74770176,3,"{""geodesic"":false,""type"":""Point"",""coordinates"":[111.61338334787604,33.17967926083238]}"
1_2_17_0,0.1741,0.0885,0.0514,0.0597,0.0416,0.0918,0.2303,0.2884,0.2565,0.72089905,3,"{""geodesic"":false,""type"":""Point"",""coordinates"":[111.53747570636794,33.22477468809518]}"
1_2_18_0,0.16955,0.07945,0.0515,0.0631,0.04515,0.0895,0.2308,0.27915,0.2857,0.72706664,3,"{""geodesic"":false,""type"":""Point"",""coordinates"":[111.53837402165206,33.21660001900969]}"
1_2_19_0,0.19415,0.0866,0.05605,0.06705,0.047,0.10295,0.25765,0.3027,0.29325,0.72373253,3,"{""geodesic"":false,""type"":""Point"",""coordinates"":[111.34604471932207,33.141680524314125]}"
1_2_20_0,0.1971,0.0897,0.0561,0.067,0.0468,0.1001,0.2461,0.2914,0.3008,0.730725,3,"{""geodesic"":false,""type"":""Point"",""coordinates"":[111.35377023076549,33.138356757762885]}"
1_2_21_0,0.17945,0.0859,0.0463,0.0606,0.039,0.0913,0.23625,0.28265,0.29745,0.7681676,3,"{""geodesic"":false,""type"":""Point"",""coordinates"":[111.32646144612826,33.13907540999018]}"
1_2_22_0,0.2226,0.0991,0.0583,0.0797,0.0519,0.1181,0.2929,0.3497,0.3586,0.7471376,3,"{""geodesic"":false,""type"":""Point"",""coordinates"":[111.33104285407727,33.14338732335395]}"
1_2_23_0,0.19975,0.1068,0.03835,0.06085,0.0454,0.0927,0.23165,0.2755,0.2922,0.7310426,3,"{""geodesic"":false,""type"":""Point"",""coordinates"":[113.19846066670493,33.13727877942194]}"
1_2_24_0,0.23005,0.12245,0.0474,0.07095,0.0484,0.11105,0.26925,0.2977,0.33415,0.7469612,3,"{""geodesic"":false,""type"":""Point"",""coordinates"":[113.20915061858595,33.15560441121798]}"
1_2_25_0,0.22385,0.1156,0.0523,0.0726,0.0498,0.11145,0.28255,0.31815,0.31895,0.7298983,3,"{""geodesic"":false,""type"":""Point"",""coordinates"":[113.18669273648297,33.158119694013514]}"
1_2_26_0,0.20755,0.10725,0.0591,0.07865,0.05715,0.11555,0.3051,0.3482,0.3328,0.7068855,3,"{""geodesic"":false,""type"":""Point"",""coordinates"":[113.16270771839697,33.155694242746385]}"
1_2_27_0,0.1905,0.0846,0.0441,0.0588,0.04575,0.0892,0.21095,0.2659,0.2786,0.71789736,3,"{""geodesic"":false,""type"":""Point"",""coordinates"":[113.14887366302153,33.15560441121798]}"
1_2_28_0,0.1705,0.091,0.0438,0.0625,0.0432,0.0874,0.2189,0.2481,0.2579,0.71305215,3,"{""geodesic"":false,""type"":""Point"",""coordinates"":[113.14671770633966,33.17249273855943]}"
1_2_29_0,0.2124,0.1241,0.0628,0.0796,0.0634,0.1191,0.2364,0.2707,0.2872,0.6383343,3,"{""geodesic"":false,""type"":""Point"",""coordinates"":[113.13378196624834,33.17348088537196]}"
1_2_30_0,0.18015,0.09115,0.0452,0.05995,0.0448,0.0905,0.2352,0.28115,0.2813,0.72523767,3,"{""geodesic"":false,""type"":""Point"",""coordinates"":[113.12479881340714,33.186236962406454]}"
1_2_31_0,0.23025,0.11025,0.04465,0.0633,0.03985,0.09915,0.3126,0.3689,0.4035,0.82023233,3,"{""geodesic"":false,""type"":""Point"",""coordinates"":[113.7836232427804,32.61634574616103]}"
1_2_32_0,0.1622,0.0683,0.0283,0.0374,0.025,0.0693,0.1871,0.213,0.2236,0.79887366,3,"{""geodesic"":false,""type"":""Point"",""coordinates"":[113.75370934381921,32.612842316552964]}"
1_2_33_0,0.206,0.0879,0.0318,0.0526,0.0352,0.0896,0.2435,0.3088,0.3134,0.79804933,3,"{""geodesic"":false,""type"":""Point"",""coordinates"":[113.74050410914265,32.632156095161534]}"
1_2_34_0,0.1962,0.099,0.035,0.0534,0.0329,0.08695,0.25085,0.29075,0.3137,0.8101558,3,"{""geodesic"":false,""type"":""Point"",""coordinates"":[113.75856024635345,32.64814610721886]}"
1_2_35_0,0.2111,0.095,0.0373,0.0588,0.0382,0.0929,0.2242,0.2724,0.2907,0.76771057,3,"{""geodesic"":false,""type"":""Point"",""coordinates"":[113.71858521621014,32.654793640321344]}"
1_2_36_0,0.1755,0.0898,0.0337,0.05555,0.03555,0.0891,0.20695,0.2367,0.25375,0.7542344,3,"{""geodesic"":false,""type"":""Point"",""coordinates"":[113.70151722581187,32.67168196766279]}"
1_2_37_0,0.2118,0.0989,0.03,0.0556,0.0358,0.0936,0.2239,0.2614,0.3022,0.7881657,3,"{""geodesic"":false,""type"":""Point"",""coordinates"":[113.67223214754956,32.660992015781765]}"
1_2_38_0,0.1838,0.0999,0.0353,0.0565,0.0452,0.0958,0.1975,0.229,0.2658,0.7093248,3,"{""geodesic"":false,""type"":""Point"",""coordinates"":[113.64698948806581,32.647876612633624]}"
1_2_39_0,0.1885,0.07825,0.02645,0.0429,0.03195,0.07825,0.2132,0.2819,0.2877,0.8000938,3,"{""geodesic"":false,""type"":""Point"",""coordinates"":[113.64752847723628,32.66539376067395]}"
1_2_40_0,0.1657,0.0945,0.031,0.0445,0.0346,0.0689,0.1647,0.1872,0.2044,0.71046025,3,"{""geodesic"":false,""type"":""Point"",""coordinates"":[113.65157089601482,32.66045302661129]}"
1_2_41_0,0.14075,0.08085,0.0335,0.0451,0.0315,0.0657,0.1706,0.1989,0.19465,0.7214238,3,"{""geodesic"":false,""type"":""Point"",""coordinates"":[113.61141620281468,32.65057155848598]}"
1_2_42_0,0.19555,0.09835,0.0336,0.0547,0.038,0.08795,0.2266,0.26295,0.28195,0.7624629,3,"{""geodesic"":false,""type"":""Point"",""coordinates"":[113.63647919924162,32.68138377273128]}"
1_2_43_0,0.24235,0.13095,0.0568,0.075,0.059,0.1163,0.3327,0.3908,0.40705,0.7468083,3,"{""geodesic"":false,""type"":""Point"",""coordinates"":[113.67789153383953,32.686055012208705]}"
1_2_44_0,0.1761,0.0896,0.03885,0.0568,0.03835,0.08455,0.22455,0.26105,0.28065,0.7595611,3,"{""geodesic"":false,""type"":""Point"",""coordinates"":[113.67151349532227,32.6830007402427]}"
1_2_45_0,0.2053,0.1288,0.0492,0.0816,0.0647,0.1213,0.2343,0.25435,0.301,0.64615804,3,"{""geodesic"":false,""type"":""Point"",""coordinates"":[111.60772396158609,33.359521980713104]}"
1_2_46_0,0.178,0.0944,0.0286,0.0431,0.03635,0.07895,0.17055,0.19735,0.2041,0.69765025,3,"{""geodesic"":false,""type"":""Point"",""coordinates"":[111.67437895566775,33.44719755244317]}"
1_2_47_0,0.1441,0.07405,0.0343,0.0456,0.03915,0.06695,0.1643,0.1885,0.2083,0.6835724,3,"{""geodesic"":false,""type"":""Point"",""coordinates"":[111.45393238494482,33.40021566308372]}"
1_2_48_0,0.17815,0.09605,0.04055,0.0524,0.0408,0.08725,0.2192,0.2406,0.23585,0.7050425,3,"{""geodesic"":false,""type"":""Point"",""coordinates"":[111.4003927940113,33.3985088640439]}"
1_2_49_0,0.1788,0.0997,0.0292,0.0365,0.0437,0.0641,0.0961,0.1044,0.1136,0.44437382,3,"{""geodesic"":false,""type"":""Point"",""coordinates"":[111.37910272177767,33.49301163193327]}"
1_2_50_0,0.1557,0.08885,0.0271,0.036,0.03005,0.05845,0.12095,0.1391,0.14915,0.6646205,3,"{""geodesic"":false,""type"":""Point"",""coordinates"":[111.34541589862319,33.52571030827522]}"
1_2_51_0,0.17175,0.08435,0.0311,0.04305,0.0366,0.06915,0.1219,0.1401,0.1579,0.6236504,3,"{""geodesic"":false,""type"":""Point"",""coordinates"":[111.51852125387302,33.614913015988286]}"
1_2_52_0,0.1264,0.0646,0.03025,0.04015,0.0295,0.0491,0.1045,0.1186,0.1565,0.6827957,3,"{""geodesic"":false,""type"":""Point"",""coordinates"":[111.8212535046213,33.56406837090712]}"
1_2_53_0,0.11845,0.06515,0.03215,0.0405,0.0298,0.05695,0.095,0.10655,0.12135,0.6056897,3,"{""geodesic"":false,""type"":""Point"",""coordinates"":[111.68120615182707,33.57493798584497]}"
1_2_54_0,0.1741,0.0901,0.0274,0.0436,0.0366,0.0787,0.1838,0.2124,0.2226,0.7175926,3,"{""geodesic"":false,""type"":""Point"",""coordinates"":[111.7882853336941,33.46040278711973]}"
1_2_55_0,0.175,0.08705,0.02965,0.04215,0.03505,0.0738,0.1464,0.1692,0.187,0.6843053,3,"{""geodesic"":false,""type"":""Point"",""coordinates"":[111.56451499641993,33.53595110251418]}"
1_2_56_0,0.192,0.09703334,0.038466666,0.0562,0.0365,0.0846,0.1901,0.242,0.229675,0.72574437,3,"{""geodesic"":false,""type"":""Point"",""coordinates"":[112.07808184435106,33.51771530224656]}"
1_2_57_0,0.2138,0.10013333,0.035866667,0.056066666,0.0417,0.09943333,0.2264,0.2715,0.2726,0.7346484,3,"{""geodesic"":false,""type"":""Point"",""coordinates"":[112.12344676619911,33.593173786112594]}"
1_2_58_0,0.2266,0.1121,0.0488,0.073,0.0487,0.1124,0.271,0.3411,0.341,0.75006413,3,"{""geodesic"":false,""type"":""Point"",""coordinates"":[112.2105833487587,33.48618443577396]}"
1_2_59_0,0.2056,0.1319,0.065,0.0828,0.0692,0.1155,0.2499,0.2696,0.3177,0.6422848,3,"{""geodesic"":false,""type"":""Point"",""coordinates"":[111.91261216901626,33.43749574737468]}"
1_2_60_0,0.1746,0.0931,0.0575,0.07155,0.05185,0.09365,0.1957,0.21965,0.258,0.66532195,3,"{""geodesic"":false,""type"":""Point"",""coordinates"":[111.47800723455923,33.57951939379398]}"
1_2_61_0,0.1826,0.1055,0.0375,0.04785,0.03855,0.09115,0.1625,0.194,0.1499,0.59087294,3,"{""geodesic"":false,""type"":""Point"",""coordinates"":[111.35646517661786,33.62695044079549]}"
1_2_62_0,0.1342,0.0877,0.0482,0.0491,0.043,0.0737,0.1215,0.1309,0.1418,0.534632,3,"{""geodesic"":false,""type"":""Point"",""coordinates"":[111.29466108507043,33.75379255891317]}"
1_2_63_0,0.1734,0.09,0.0401,0.0494,0.0378,0.0817,0.1413,0.1586,0.1884,0.6657825,3,"{""geodesic"":false,""type"":""Point"",""coordinates"":[111.53774520095318,33.680669694785834]}"
1_2_64_0,0.1729,0.0975,0.0354,0.0551,0.0529,0.0972,0.1185,0.1287,0.1692,0.523638,3,"{""geodesic"":false,""type"":""Point"",""coordinates"":[111.58023551389203,33.70923612082084]}"
1_2_65_0,0.1905,0.1025,0.04745,0.0637,0.0501,0.09415,0.15895,0.1801,0.1853,0.57434154,3,"{""geodesic"":false,""type"":""Point"",""coordinates"":[111.33310897923074,33.68920368998497]}"
1_2_66_0,0.1355,0.0812,0.0241,0.0323,0.0283,0.0518,0.0751,0.0917,0.0961,0.5450161,3,"{""geodesic"":false,""type"":""Point"",""coordinates"":[111.18335982136803,33.602965422709495]}"
1_2_67_0,0.07615,0.05215,0.0432,0.0508,0.0309,0.0513,0.07165,0.077,0.0901,0.4892562,3,"{""geodesic"":false,""type"":""Point"",""coordinates"":[111.13260500781527,33.546281728281556]}"
1_2_68_0,0.11,0.0681,0.0313,0.0439,0.0287,0.0679,0.1647,0.1929,0.1797,0.7245681,3,"{""geodesic"":false,""type"":""Point"",""coordinates"":[111.1531764278216,33.39734105417454]}"
1_2_69_0,0.13965,0.0638,0.0452,0.05485,0.03775,0.0855,0.1744,0.2078,0.18305,0.6580616,3,"{""geodesic"":false,""type"":""Point"",""coordinates"":[111.35853130177134,33.32799111424051]}"
1_2_70_0,0.2202,0.1066,0.0515,0.0708,0.0484,0.1163,0.2882,0.3365,0.3548,0.75992066,3,"{""geodesic"":false,""type"":""Point"",""coordinates"":[111.33445645215693,33.22288822599853]}"
1_2_71_0,0.1145,0.0517,0.0324,0.0491,0.0308,0.062,0.1259,0.1337,0.1605,0.6779927,3,"{""geodesic"":false,""type"":""Point"",""coordinates"":[111.2163279922952,33.29646024776792]}"
1_2_72_0,0.2078,0.1007,0.0488,0.0615,0.0443,0.1041,0.2563,0.3159,0.3059,0.7470017,3,"{""geodesic"":false,""type"":""Point"",""coordinates"":[111.10233178274045,33.29125001912002]}"
1_2_73_0,0.19465,0.1019,0.03525,0.0517,0.0415,0.09015,0.1869,0.2123,0.221,0.6838095,3,"{""geodesic"":false,""type"":""Point"",""coordinates"":[111.06047029050048,33.38593245006622]}"
1_2_74_0,0.15265,0.09175,0.05325,0.0632,0.05145,0.0884,0.1905,0.20005,0.1925,0.57819223,3,"{""geodesic"":false,""type"":""Point"",""coordinates"":[111.31801728245755,33.08787143879537]}"
1_2_75_0,0.20835,0.09665,0.0489,0.06815,0.0472,0.10425,0.26185,0.3154,0.3389,0.7555038,3,"{""geodesic"":false,""type"":""Point"",""coordinates"":[111.53289429841892,33.033164037992485]}"
1_2_76_0,0.1788,0.08925,0.0414,0.05675,0.04155,0.0929,0.1896,0.2219,0.2284,0.69216526,3,"{""geodesic"":false,""type"":""Point"",""coordinates"":[111.57825922026697,33.030828418253776]}"
1_2_77_0,0.1836,0.0874,0.05355,0.06585,0.0533,0.0978,0.2421,0.2842,0.2867,0.68647057,3,"{""geodesic"":false,""type"":""Point"",""coordinates"":[111.66611445505386,33.066581366561735]}"
1_2_78_0,0.1785,0.0797,0.046,0.0636,0.0573,0.0969,0.2349,0.2963,0.2916,0.6715391,3,"{""geodesic"":false,""type"":""Point"",""coordinates"":[111.62146818543312,33.01187396575885]}"
1_2_79_0,0.1752,0.0882,0.048,0.0625,0.0439,0.0937,0.1815,0.1992,0.2688,0.7192197,3,"{""geodesic"":false,""type"":""Point"",""coordinates"":[111.37083822116377,32.86661638431673]}"
1_2_80_0,0.13365,0.06995,0.0517,0.05785,0.04335,0.0751,0.16245,0.18765,0.207,0.65368485,3,"{""geodesic"":false,""type"":""Point"",""coordinates"":[111.32691060377033,32.864370596106426]}"
1_2_81_0,0.2119,0.1109,0.0715,0.0697,0.0563,0.1039,0.2575,0.2795,0.2578,0.64151543,3,"{""geodesic"":false,""type"":""Point"",""coordinates"":[111.42024556179034,32.82915663696894]}"
1_2_82_0,0.15265,0.0865,0.0363,0.05215,0.0386,0.08005,0.1635,0.18385,0.1861,0.6564308,3,"{""geodesic"":false,""type"":""Point"",""coordinates"":[111.46767660879185,32.82969562613941]}"
1_2_83_0,0.1652,0.0817,0.0433,0.0519,0.0381,0.0855,0.2174,0.2615,0.253,0.7382343,3,"{""geodesic"":false,""type"":""Point"",""coordinates"":[111.46695795656456,32.81469376089462]}"
1_2_84_0,0.18225,0.09455,0.042,0.0601,0.04045,0.0933,0.21485,0.24665,0.2694,0.7389059,3,"{""geodesic"":false,""type"":""Point"",""coordinates"":[111.66404832990038,32.633323905030885]}"
1_2_85_0,0.17955,0.1012,0.04665,0.06375,0.0424,0.09215,0.2064,0.23255,0.2333,0.6924193,3,"{""geodesic"":false,""type"":""Point"",""coordinates"":[111.58984748743211,32.64203756328685]}"
1_2_86_0,0.21825,0.10005,0.0575,0.07665,0.05135,0.116,0.3144,0.35955,0.3792,0.7614679,3,"{""geodesic"":false,""type"":""Point"",""coordinates"":[112.82637847602263,33.51771530224656]}"
1_2_87_0,0.221,0.1347,0.0476,0.0691,0.0592,0.1085,0.2031,0.2354,0.2498,0.6168285,3,"{""geodesic"":false,""type"":""Point"",""coordinates"":[112.66225627361399,33.585807600782815]}"
1_2_88_0,0.21835,0.1157,0.0388,0.05905,0.0565,0.0947,0.2226,0.26685,0.2756,0.65974104,3,"{""geodesic"":false,""type"":""Point"",""coordinates"":[112.5976674046858,33.56577516994695]}"
1_2_89_0,0.1772,0.11115,0.0389,0.0553,0.053,0.0839,0.1851,0.21375,0.2234,0.6164978,3,"{""geodesic"":false,""type"":""Point"",""coordinates"":[112.60251830722004,33.54349695090079]}"
1_2_90_0,0.28745,0.13295,0.06405,0.1027,0.06505,0.14835,0.3389,0.4034,0.4444,0.7446266,3,"{""geodesic"":false,""type"":""Point"",""coordinates"":[112.73573846385497,33.47073341288711]}"
1_2_91_0,0.2273,0.1249,0.0476,0.0689,0.0511,0.1076,0.2616,0.3016,0.3194,0.72415656,3,"{""geodesic"":false,""type"":""Point"",""coordinates"":[112.98906337397668,33.41063612037951]}"
1_2_92_0,0.2309,0.1061,0.0489,0.0758,0.05595,0.12065,0.25435,0.2973,0.3115,0.6954688,3,"{""geodesic"":false,""type"":""Point"",""coordinates"":[112.88818256757006,33.58814322052152]}"
1_2_93_0,0.1994,0.1049,0.0412,0.0618,0.0444,0.101,0.2318,0.2714,0.3006,0.74260867,3,"{""geodesic"":false,""type"":""Point"",""coordinates"":[112.49948154413154,33.51888311211591]}"
1_2_94_0,0.2489,0.1178,0.0507,0.0708,0.0541,0.1223,0.2885,0.3443,0.3514,0.7331689,3,"{""geodesic"":false,""type"":""Point"",""coordinates"":[112.46040482927233,33.562900561037765]}"
1_2_95_0,0.2209,0.1267,0.0385,0.0603,0.0487,0.0993,0.228,0.2824,0.2844,0.7075953,3,"{""geodesic"":false,""type"":""Point"",""coordinates"":[112.40956018419116,33.59613822655019]}"
1_2_96_0,0.1825,0.101,0.0331,0.0521,0.0374,0.0791,0.1614,0.1997,0.1888,0.6693192,3,"{""geodesic"":false,""type"":""Point"",""coordinates"":[112.43498250673176,33.628747071363726]}"
1_2_97_0,0.17685,0.09815,0.04195,0.05805,0.05425,0.08755,0.1307,0.14735,0.1742,0.5250602,3,"{""geodesic"":false,""type"":""Point"",""coordinates"":[112.36832751265008,33.63844887643222]}"
1_2_98_0,0.2062,0.11535,0.03565,0.05385,0.0487,0.087,0.2194,0.28745,0.3114,0.72951955,3,"{""geodesic"":false,""type"":""Point"",""coordinates"":[112.26052967855574,33.638987865602694]}"
1_2_99_0,0.244,0.12425,0.0501,0.06915,0.054375,0.10785,0.2511,0.318,0.3175,0.70756304,3,"{""geodesic"":false,""type"":""Point"",""coordinates"":[112.17887281922928,33.54232914103143]}"
2_0_0,0.2381,0.1841,0.06165,0.08765,0.0972,0.1368,0.25555,0.3104,0.3311,0.54611254,1,"{""geodesic"":false,""type"":""Point"",""coordinates"":[112.73996054569034,32.949261390455725]}"
2_1_0,0.23005,0.15855,0.0623,0.0884,0.1056,0.135,0.24365,0.3338,0.34805,0.53444284,1,"{""geodesic"":false,""type"":""Point"",""coordinates"":[112.7427453230711,32.94414099333624]}"
2_2_0,0.2033,0.1394,0.0592,0.08,0.0799,0.1259,0.2467,0.3252,0.3372,0.61687845,1,"{""geodesic"":false,""type"":""Point"",""coordinates"":[112.29888774118764,32.903716805550864]}"
2_3_0,0.2498,0.1507,0.0628,0.087,0.0851,0.1305,0.2375,0.2903,0.3178,0.57756263,1,"{""geodesic"":false,""type"":""Point"",""coordinates"":[112.4014753466341,32.903447310965625]}"
2_4_0,0.2211,0.1447,0.0632,0.0879,0.0834,0.1205,0.2405,0.2903,0.2895,0.5526951,1,"{""geodesic"":false,""type"":""Point"",""coordinates"":[112.34003058120032,32.933990030625694]}"
2_5_0,0.2181,0.1612,0.0608,0.079,0.0866,0.117,0.2368,0.2915,0.3162,0.57000995,1,"{""geodesic"":false,""type"":""Point"",""coordinates"":[112.34003058120032,32.928510307392564]}"
2_6_0,0.179,0.1286,0.0554,0.0769,0.0647,0.1117,0.209,0.2293,0.2476,0.5856548,1,"{""geodesic"":false,""type"":""Point"",""coordinates"":[112.35826638146794,32.84667378500927]}"
2_7_0,0.2115,0.1357,0.0658,0.0913,0.0838,0.1206,0.2667,0.3125,0.333,0.59788865,1,"{""geodesic"":false,""type"":""Point"",""coordinates"":[112.18111860743957,32.86311295470866]}"
2_8_0,0.2313,0.1681,0.0771,0.0995,0.099,0.1412,0.214,0.2239,0.2242,0.38737622,1,"{""geodesic"":false,""type"":""Point"",""coordinates"":[112.1752795580928,32.91269995839206]}"
2_9_0,0.2271,0.1261,0.0702,0.08485,0.08195,0.1194,0.242,0.29845,0.32725,0.5994624,1,"{""geodesic"":false,""type"":""Point"",""coordinates"":[112.09029893221509,32.566579079420805]}"
2_10_0,0.2147,0.13605,0.07135,0.08695,0.0768,0.1263,0.26145,0.3522,0.359,0.64754474,1,"{""geodesic"":false,""type"":""Point"",""coordinates"":[112.08266325230008,32.57044183514252]}"
2_11_0,0.2145,0.1004,0.0725,0.0844,0.0679,0.1233,0.2634,0.3199,0.3212,0.6509895,1,"{""geodesic"":false,""type"":""Point"",""coordinates"":[112.07700386601013,32.575202906148355]}"
2_12_0,0.2122,0.1027,0.06255,0.08525,0.0663,0.1176,0.26655,0.30935,0.3348,0.66940916,1,"{""geodesic"":false,""type"":""Point"",""coordinates"":[112.07269195264635,32.57789785200071]}"
2_13_0,0.2192,0.1348,0.074,0.0871,0.0644,0.1255,0.2618,0.3349,0.3608,0.6970837,1,"{""geodesic"":false,""type"":""Point"",""coordinates"":[112.09523966627775,32.57071132972776]}"
2_14_0,0.1969,0.1116,0.0711,0.0871,0.0782,0.1178,0.2618,0.3348,0.3452,0.6306094,1,"{""geodesic"":false,""type"":""Point"",""coordinates"":[112.10808557484066,32.5657705956651]}"
2_15_0,0.2054,0.1137,0.07235,0.0911,0.07965,0.12955,0.26135,0.33715,0.333,0.61395854,1,"{""geodesic"":false,""type"":""Point"",""coordinates"":[112.01708623655935,32.59631331532516]}"
2_16_0,0.2434,0.1566,0.0758,0.1004,0.0908,0.1451,0.2743,0.3269,0.3328,0.57129365,1,"{""geodesic"":false,""type"":""Point"",""coordinates"":[112.0136726384797,32.60314051148447]}"
2_17_0,0.21055,0.1581,0.07905,0.10075,0.0924,0.1243,0.2137,0.2395,0.2499,0.4601227,1,"{""geodesic"":false,""type"":""Point"",""coordinates"":[112.03729833045205,32.602332027728764]}"
2_18_0,0.23025,0.1502,0.0743,0.0939,0.0876,0.13115,0.2596,0.3365,0.36,0.6085791,1,"{""geodesic"":false,""type"":""Point"",""coordinates"":[112.02112865533789,32.585892858029375]}"
2_19_0,0.2417,0.1255,0.0496,0.0758,0.0642,0.1343,0.2467,0.3157,0.3421,0.68397737,1,"{""geodesic"":false,""type"":""Point"",""coordinates"":[112.63144405936869,32.75001506043801]}"
2_20_0,0.22055,0.12845,0.0571,0.08125,0.06835,0.1132,0.2341,0.28025,0.2908,0.6193791,1,"{""geodesic"":false,""type"":""Point"",""coordinates"":[112.62892877657316,32.74983539738119]}"
2_21_0,0.2418,0.1615,0.0675,0.0918,0.0749,0.1334,0.227,0.3095,0.3212,0.6218127,1,"{""geodesic"":false,""type"":""Point"",""coordinates"":[112.62874911351634,32.76654406166581]}"
2_22_0,0.2339,0.1823,0.0733,0.1086,0.1058,0.1447,0.28,0.3032,0.3149,0.49702877,1,"{""geodesic"":false,""type"":""Point"",""coordinates"":[112.58275537096941,32.86347228082231]}"
2_23_0,0.2416,0.1885,0.0766,0.1032,0.1176,0.1437,0.2661,0.3035,0.2989,0.43529412,1,"{""geodesic"":false,""type"":""Point"",""coordinates"":[112.57565868022488,32.86032817732789]}"
2_24_0,0.2322,0.1813,0.0621,0.094,0.0916,0.128,0.2539,0.3084,0.3089,0.5425718,1,"{""geodesic"":false,""type"":""Point"",""coordinates"":[112.5909300400549,32.85871120981648]}"
2_25_0,0.2009,0.119,0.0591,0.0844,0.0748,0.121,0.241,0.2954,0.3218,0.62279373,1,"{""geodesic"":false,""type"":""Point"",""coordinates"":[112.34398316845045,33.07340856272104]}"
2_26_0,0.26475,0.2072,0.07605,0.1077,0.1313,0.1541,0.22315,0.2483,0.2652,0.3377049,1,"{""geodesic"":false,""type"":""Point"",""coordinates"":[112.34407299997886,33.072779742022156]}"
2_27_0,0.2054,0.1319,0.0621,0.0868,0.0858,0.1255,0.2294,0.2801,0.2964,0.55102044,1,"{""geodesic"":false,""type"":""Point"",""coordinates"":[112.34425266303568,33.07565435093134]}"
2_28_0,0.1929,0.1362,0.0632,0.0894,0.0869,0.1224,0.228,0.2859,0.3088,0.5607784,1,"{""geodesic"":false,""type"":""Point"",""coordinates"":[112.34910356556993,33.07439670953357]}"
2_29_0,0.2501,0.1837,0.0575,0.0876,0.1108,0.1501,0.2411,0.3008,0.3285,0.49556112,1,"{""geodesic"":false,""type"":""Point"",""coordinates"":[113.11752245960577,32.836253327713486]}"
2_30_0,0.19665,0.12245,0.0561,0.0776,0.08125,0.11935,0.23295,0.2971,0.3007,0.57455164,1,"{""geodesic"":false,""type"":""Point"",""coordinates"":[113.10422739340079,32.82637185958817]}"
2_31_0,0.26885,0.1936,0.06015,0.0823,0.08735,0.1563,0.2488,0.3151,0.3488,0.5994497,1,"{""geodesic"":false,""type"":""Point"",""coordinates"":[113.09928665933813,32.827449837929116]}"
2_32_0,0.24265,0.1303,0.0585,0.08775,0.0736,0.1354,0.2734,0.35125,0.3619,0.6619977,1,"{""geodesic"":false,""type"":""Point"",""coordinates"":[113.10090362684956,32.82780916404276]}"
2_33_0,0.2448,0.1606,0.0525,0.0819,0.0803,0.1312,0.257,0.3126,0.306,0.58426094,1,"{""geodesic"":false,""type"":""Point"",""coordinates"":[113.0673964667519,32.83966692579314]}"
2_34_0,0.2276,0.1327,0.0486,0.0778,0.0927,0.1322,0.2611,0.3607,0.3871,0.613589,1,"{""geodesic"":false,""type"":""Point"",""coordinates"":[113.05661668334247,32.840026251906785]}"
2_35_0,0.23435,0.154,0.05625,0.0798,0.08655,0.13905,0.25805,0.32655,0.3545,0.6075275,1,"{""geodesic"":false,""type"":""Point"",""coordinates"":[113.0223908710175,32.85511794868]}"
2_36_0,0.2208,0.14365,0.05265,0.07445,0.08075,0.1144,0.24315,0.33375,0.3537,0.6282656,1,"{""geodesic"":false,""type"":""Point"",""coordinates"":[113.00154995642593,32.860058682742654]}"
2_37_0,0.253,0.1874,0.0698,0.0978,0.1074,0.1586,0.2405,0.3383,0.3454,0.5256184,1,"{""geodesic"":false,""type"":""Point"",""coordinates"":[112.99175831982903,32.861046829555185]}"
2_38_0,0.2075,0.1055,0.0613,0.0885,0.0714,0.1249,0.2605,0.3308,0.3542,0.66447365,1,"{""geodesic"":false,""type"":""Point"",""coordinates"":[112.01106752415575,32.556068790596605]}"
2_39_0,0.2403,0.1653,0.0692,0.1009,0.0968,0.1509,0.2419,0.266,0.2968,0.5081301,1,"{""geodesic"":false,""type"":""Point"",""coordinates"":[111.99840127864967,32.559482388676265]}"
2_40_0,0.2174,0.1513,0.0672,0.094,0.0907,0.1412,0.2302,0.2455,0.2742,0.5028775,1,"{""geodesic"":false,""type"":""Point"",""coordinates"":[111.99669447960984,32.560919693130856]}"
2_41_0,0.2131,0.1181,0.0695,0.0917,0.076,0.125,0.2659,0.3457,0.3664,0.6564195,1,"{""geodesic"":false,""type"":""Point"",""coordinates"":[111.9790875000411,32.57098082431299]}"
2_42_0,0.2149,0.1266,0.0802,0.0955,0.0933,0.1347,0.2631,0.3138,0.3156,0.5436537,1,"{""geodesic"":false,""type"":""Point"",""coordinates"":[112.0324474279178,32.57574189531883]}"
2_43_0,0.19855,0.13475,0.0684,0.0889,0.0855,0.1239,0.25285,0.3033,0.303,0.55984557,1,"{""geodesic"":false,""type"":""Point"",""coordinates"":[112.01717606808776,32.584725048160024]}"
2_44_0,0.2074,0.1294,0.07835,0.09735,0.0946,0.13075,0.252,0.31385,0.3221,0.5459563,1,"{""geodesic"":false,""type"":""Point"",""coordinates"":[112.01475061682063,32.58580302650096]}"
2_45_0,0.2262,0.1466,0.0667,0.0842,0.0927,0.1167,0.2412,0.283,0.2986,0.52619475,1,"{""geodesic"":false,""type"":""Point"",""coordinates"":[112.18066944979752,32.47450176279855]}"
2_46_0,0.147025,0.090166666,0.057,0.068075,0.06763333,0.0867,0.19965,0.2304,0.2287,0.5435321,1,"{""geodesic"":false,""type"":""Point"",""coordinates"":[112.163331964814,32.49156975319683]}"
2_47_0,0.20415,0.09515,0.0633,0.0866,0.06946,0.1225,0.29385,0.3773,0.3952,0.7010287,1,"{""geodesic"":false,""type"":""Point"",""coordinates"":[112.14087408271102,32.48653918760576]}"
2_48_0,0.20445,0.11330417,0.07352,0.09125,0.07345,0.1279,0.255875,0.36016667,0.383,0.6781685,1,"{""geodesic"":false,""type"":""Point"",""coordinates"":[112.0964074761471,32.47755603476456]}"
2_49_0,0.21806666,0.119814284,0.0776,0.106,0.1054,0.1366,0.2438,0.3229,0.3052,0.48660496,1,"{""geodesic"":false,""type"":""Point"",""coordinates"":[112.07323094181682,32.471447490832546]}"
2_50_0,0.22085,0.11455,0.05885,0.08825,0.0595,0.13185,0.28495,0.3929,0.4104,0.74675465,1,"{""geodesic"":false,""type"":""Point"",""coordinates"":[112.22091397452607,32.51789039102153]}"
2_51_0,0.2159,0.1464,0.0619,0.0824,0.0719,0.1169,0.2368,0.2927,0.3218,0.63474727,1,"{""geodesic"":false,""type"":""Point"",""coordinates"":[112.17267444376886,32.52453792412401]}"
2_52_0,0.2054,0.1072,0.05835,0.07815,0.08205,0.12,0.2791,0.34125,0.3623,0.63069654,1,"{""geodesic"":false,""type"":""Point"",""coordinates"":[112.6465357561419,32.38260410923313]}"
2_53_0,0.222,0.17665,0.07125,0.09025,0.09555,0.1264,0.2254,0.27795,0.3172,0.53700787,1,"{""geodesic"":false,""type"":""Point"",""coordinates"":[112.59245717603791,32.4019178878417]}"
2_55_0,0.2068,0.1357,0.0706,0.0926,0.0875,0.1285,0.2715,0.3574,0.3768,0.62308854,1,"{""geodesic"":false,""type"":""Point"",""coordinates"":[111.93471072500559,32.943332509580536]}"
2_56_0,0.2321,0.13535,0.06445,0.0847,0.08225,0.12455,0.2563,0.34395,0.3512,0.6204868,1,"{""geodesic"":false,""type"":""Point"",""coordinates"":[112.01079802957051,32.95689707037074]}"
2_57_0,0.2444,0.1551,0.0742,0.0965,0.1026,0.1347,0.2579,0.3309,0.3506,0.54721975,1,"{""geodesic"":false,""type"":""Point"",""coordinates"":[111.92563774063599,32.95249532547855]}"
2_58_0,0.21335,0.1506,0.0653,0.0856,0.08995,0.1309,0.2526,0.30065,0.3072,0.5470225,1,"{""geodesic"":false,""type"":""Point"",""coordinates"":[111.90677311966948,32.944769814035126]}"
2_59_0,0.24355,0.20595,0.0756,0.0964,0.1183,0.14495,0.19185,0.20715,0.2212,0.3030928,1,"{""geodesic"":false,""type"":""Point"",""coordinates"":[112.04116108617376,33.046548935725866]}"
2_60_0,0.2397,0.1787,0.0746,0.0989,0.1158,0.1396,0.2278,0.2916,0.2908,0.43039843,1,"{""geodesic"":false,""type"":""Point"",""coordinates"":[112.01025904040004,33.062718610840015]}"
2_61_0,0.21975,0.1415,0.0609,0.08615,0.0937,0.1288,0.2323,0.29035,0.2869,0.50761956,1,"{""geodesic"":false,""type"":""Point"",""coordinates"":[112.05292901639572,33.12937360492169]}"
2_62_0,0.2148,0.14685,0.0633,0.08135,0.09035,0.12165,0.2608,0.30985,0.3065,0.5446642,1,"{""geodesic"":false,""type"":""Point"",""coordinates"":[112.04178990687264,33.15704171567257]}"
2_63_0,0.1709,0.1018,0.0535,0.0751,0.0608,0.1058,0.2454,0.3037,0.3112,0.6731183,1,"{""geodesic"":false,""type"":""Point"",""coordinates"":[112.9238456843496,33.13512282274005]}"
2_64_0,0.1934,0.0995,0.0559,0.0739,0.0583,0.0943,0.2549,0.3453,0.3639,0.7238276,1,"{""geodesic"":false,""type"":""Point"",""coordinates"":[112.92124057002565,33.13718894789353]}"
2_65_0,0.2129,0.1041,0.0548,0.0753,0.0688,0.1171,0.2809,0.3618,0.3796,0.6931311,1,"{""geodesic"":false,""type"":""Point"",""coordinates"":[112.93570344609998,33.140422882916354]}"
2_66_0,0.1776,0.1013,0.0576,0.0809,0.0691,0.1019,0.2423,0.3337,0.3449,0.6661836,1,"{""geodesic"":false,""type"":""Point"",""coordinates"":[112.9238456843496,33.14554328003584]}"
2_67_0,0.2343,0.1193,0.0595,0.0859,0.0545,0.1237,0.2531,0.3649,0.3796,0.7489058,1,"{""geodesic"":false,""type"":""Point"",""coordinates"":[112.95268160496984,33.14841788894502]}"
2_68_0,0.1907,0.0937,0.0519,0.0716,0.0596,0.1032,0.2494,0.347,0.3775,0.72729355,1,"{""geodesic"":false,""type"":""Point"",""coordinates"":[112.89105717647924,33.124702365444264]}"
2_69_0,0.2138,0.0903,0.0487,0.0692,0.0521,0.0924,0.2414,0.323,0.3175,0.7180736,1,"{""geodesic"":false,""type"":""Point"",""coordinates"":[112.88126553988234,33.128295626580744]}"
2_70_0,0.1879,0.1081,0.0602,0.0789,0.0733,0.1086,0.2528,0.3453,0.358,0.6600974,1,"{""geodesic"":false,""type"":""Point"",""coordinates"":[112.88917071438259,33.146441595319956]}"
2_71_0,0.2054,0.10305,0.05825,0.07865,0.0587,0.1097,0.257,0.36825,0.3597,0.71940726,1,"{""geodesic"":false,""type"":""Point"",""coordinates"":[112.97927173737978,33.13368551828546]}"
2_72_0,0.1973,0.10525,0.04935,0.0741,0.051,0.1049,0.28325,0.37375,0.40215,0.77490896,1,"{""geodesic"":false,""type"":""Point"",""coordinates"":[112.92725928242925,33.11715651705766]}"
2_73_0,0.1979,0.10375,0.04995,0.07325,0.0555,0.10925,0.25165,0.3176,0.3326,0.7139912,1,"{""geodesic"":false,""type"":""Point"",""coordinates"":[112.91845579264488,33.11464123426212]}"
2_74_0,0.2292,0.1276,0.0609,0.0818,0.0703,0.1315,0.244,0.3468,0.3854,0.6914637,1,"{""geodesic"":false,""type"":""Point"",""coordinates"":[112.92348635823595,33.16719267838312]}"
2_75_0,0.2644,0.1536,0.0641,0.0932,0.0766,0.1376,0.3277,0.383,0.3813,0.6654291,1,"{""geodesic"":false,""type"":""Point"",""coordinates"":[112.88961987202464,33.17177408633213]}"
2_76_0,0.2105,0.087,0.0535,0.0794,0.0637,0.1081,0.2593,0.3679,0.387,0.7173286,1,"{""geodesic"":false,""type"":""Point"",""coordinates"":[112.88440964337676,33.17851145096302]}"
2_77_0,0.1479,0.0806,0.0535,0.0656,0.0555,0.0853,0.2528,0.3738,0.3861,0.7486413,1,"{""geodesic"":false,""type"":""Point"",""coordinates"":[112.88602661088817,33.19998118625348]}"
2_78_0,0.2745,0.1952,0.0581,0.0836,0.092,0.1596,0.2515,0.2948,0.3334,0.5674659,1,"{""geodesic"":false,""type"":""Point"",""coordinates"":[112.81676650248255,32.581311450080364]}"
2_79_0,0.2631,0.1786,0.0646,0.0977,0.09895,0.14215,0.256,0.32895,0.3293,0.53788674,1,"{""geodesic"":false,""type"":""Point"",""coordinates"":[112.73699610525274,32.5590332310342]}"
2_80_0,0.27175,0.19935,0.0834,0.1232,0.1404,0.1707,0.25875,0.32545,0.32875,0.40147075,1,"{""geodesic"":false,""type"":""Point"",""coordinates"":[112.71786198970099,32.592630222660276]}"
2_81_0,0.2871,0.2366,0.091,0.1226,0.1602,0.1689,0.2533,0.3078,0.2998,0.30347827,1,"{""geodesic"":false,""type"":""Point"",""coordinates"":[112.82278521488615,32.59837944047864]}"
2_82_0,0.2363,0.1665,0.0617,0.096,0.1058,0.1402,0.2351,0.2899,0.2985,0.47662625,1,"{""geodesic"":false,""type"":""Point"",""coordinates"":[112.70914833144504,32.61041686528584]}"
2_83_0,0.22545,0.15875,0.0633,0.0987,0.1013,0.14895,0.2431,0.31815,0.3467,0.5477679,1,"{""geodesic"":false,""type"":""Point"",""coordinates"":[112.69818888497878,32.566848574006045]}"
2_84_0,0.2312,0.1494,0.0658,0.0937,0.0961,0.1375,0.2364,0.3284,0.3705,0.588084,1,"{""geodesic"":false,""type"":""Point"",""coordinates"":[112.56478906528703,32.6447325091392]}"
2_85_0,0.2829,0.2491,0.0876,0.114,0.14,0.1605,0.1826,0.2015,0.2143,0.2097093,1,"{""geodesic"":false,""type"":""Point"",""coordinates"":[112.54826006405922,32.64329520468461]}"
2_86_0,0.2426,0.1588,0.0554,0.0777,0.0914,0.1358,0.253,0.3264,0.3406,0.57685184,1,"{""geodesic"":false,""type"":""Point"",""coordinates"":[112.57997059358864,32.66323780399207]}"
2_87_0,0.2237,0.1601,0.0737,0.0937,0.1042,0.1397,0.2036,0.2627,0.2424,0.39873055,1,"{""geodesic"":false,""type"":""Point"",""coordinates"":[112.52903611697907,32.692702545311185]}"
2_88_0,0.2725,0.1624,0.0633,0.0976,0.0789,0.1479,0.2526,0.345,0.3637,0.6434704,1,"{""geodesic"":false,""type"":""Point"",""coordinates"":[112.51268677880809,32.705548453874094]}"
2_89_0,0.2237,0.1292,0.0568,0.086,0.0708,0.1304,0.2458,0.3286,0.3641,0.6744079,1,"{""geodesic"":false,""type"":""Point"",""coordinates"":[112.53846842746232,32.71111800863564]}"
2_90_0,0.213,0.1293,0.0533,0.0803,0.0607,0.1193,0.2549,0.3736,0.4103,0.7422505,1,"{""geodesic"":false,""type"":""Point"",""coordinates"":[112.54251084624086,32.740403086897935]}"
2_91_0,0.2215,0.1587,0.0608,0.0902,0.0742,0.1323,0.235,0.3259,0.3296,0.63249135,1,"{""geodesic"":false,""type"":""Point"",""coordinates"":[112.53523449243949,32.75163202794943]}"
2_92_0,0.2843,0.2045,0.0904,0.1256,0.1472,0.1763,0.2565,0.2763,0.312,0.35888502,1,"{""geodesic"":false,""type"":""Point"",""coordinates"":[112.52732931793923,32.77741367660366]}"
2_93_0,0.2914,0.1975,0.069,0.0998,0.1302,0.1543,0.2505,0.3051,0.3205,0.42223206,1,"{""geodesic"":false,""type"":""Point"",""coordinates"":[112.46938798211353,32.776156035205894]}"
2_94_0,0.326,0.2742,0.0946,0.1298,0.161,0.2029,0.2533,0.277,0.294,0.2923077,1,"{""geodesic"":false,""type"":""Point"",""coordinates"":[112.48133557539232,32.80472246124089]}"
2_95_0,0.3633,0.2877,0.1013,0.1456,0.1838,0.2227,0.2767,0.2953,0.2972,0.23575884,1,"{""geodesic"":false,""type"":""Point"",""coordinates"":[112.50397312055213,32.8017580208033]}"
2_96_0,0.2636,0.1631,0.0762,0.1021,0.1064,0.1426,0.297,0.3219,0.3436,0.5271111,1,"{""geodesic"":false,""type"":""Point"",""coordinates"":[112.51610037688775,32.82035314718457]}"
2_97_0,0.22485,0.1477,0.0605,0.08105,0.0828,0.12105,0.24585,0.30505,0.3201,0.5889799,1,"{""geodesic"":false,""type"":""Point"",""coordinates"":[112.28909610459074,32.772113616427355]}"
2_98_0,0.2455,0.1815,0.0743,0.0985,0.1074,0.1314,0.1844,0.2076,0.2086,0.32025316,1,"{""geodesic"":false,""type"":""Point"",""coordinates"":[112.2481329276349,32.77534755145018]}"
2_99_0,0.2271,0.1227,0.0499,0.0763,0.0807,0.1322,0.2464,0.3386,0.3672,0.6396517,1,"{""geodesic"":false,""type"":""Point"",""coordinates"":[113.13036836816867,32.63655784005372]}"
